-- Insert statements for F23_S001_T6_Driver table

INSERT INTO F23_S001_T6_Driver (DriverID, DOB, PlaceOfBirth, Name, Gender, City, Street, State, PinCode) VALUES (1, TO_DATE('1985-03-12', 'YYYY-MM-DD'), 'New York', 'Michael Johnson', 'M', 'New York City', 'Broadway St', 'NY', '10001');
INSERT INTO F23_S001_T6_Driver (DriverID, DOB, PlaceOfBirth, Name, Gender, City, Street, State, PinCode) VALUES (2, TO_DATE('1990-06-25', 'YYYY-MM-DD'), 'Los Angeles', 'Emily Davis', 'F', 'Los Angeles', 'Sunset Blvd', 'CA', '90001');
INSERT INTO F23_S001_T6_Driver (DriverID, DOB, PlaceOfBirth, Name, Gender, City, Street, State, PinCode) VALUES (3, TO_DATE('1982-11-05', 'YYYY-MM-DD'), 'Chicago', 'Daniel Smith', 'M', 'Chicago', 'Michigan Ave', 'IL', '60601');
INSERT INTO F23_S001_T6_Driver (DriverID, DOB, PlaceOfBirth, Name, Gender, City, Street, State, PinCode) VALUES (4, TO_DATE('1988-09-18', 'YYYY-MM-DD'), 'Houston', 'Olivia Williams', 'F', 'Houston', 'Main St', 'TX', '77002');
INSERT INTO F23_S001_T6_Driver (DriverID, DOB, PlaceOfBirth, Name, Gender, City, Street, State, PinCode) VALUES (5, TO_DATE('1975-12-30', 'YYYY-MM-DD'), 'Miami', 'Christopher Lee', 'M', 'Miami', 'Ocean Dr', 'FL', '33101');
INSERT INTO F23_S001_T6_Driver (DriverID, DOB, PlaceOfBirth, Name, Gender, City, Street, State, PinCode) VALUES (6, TO_DATE('1995-02-14', 'YYYY-MM-DD'), 'San Francisco', 'Sophia Chen', 'F', 'San Francisco', 'Market St', 'CA', '94105');
INSERT INTO F23_S001_T6_Driver (DriverID, DOB, PlaceOfBirth, Name, Gender, City, Street, State, PinCode) VALUES (7, TO_DATE('1980-07-08', 'YYYY-MM-DD'), 'Atlanta', 'Matthew Taylor', 'M', 'Atlanta', 'Peachtree St', 'GA', '30301');
INSERT INTO F23_S001_T6_Driver (DriverID, DOB, PlaceOfBirth, Name, Gender, City, Street, State, PinCode) VALUES (8, TO_DATE('1991-04-03', 'YYYY-MM-DD'), 'Seattle', 'Ava Martinez', 'F', 'Seattle', 'Pike St', 'WA', '98101');
INSERT INTO F23_S001_T6_Driver (DriverID, DOB, PlaceOfBirth, Name, Gender, City, Street, State, PinCode) VALUES (9, TO_DATE('1987-08-20', 'YYYY-MM-DD'), 'Dallas', 'William Brown', 'M', 'Dallas', 'Main St', 'TX', '75201');
INSERT INTO F23_S001_T6_Driver (DriverID, DOB, PlaceOfBirth, Name, Gender, City, Street, State, PinCode) VALUES (10, TO_DATE('1993-01-17', 'YYYY-MM-DD'), 'Denver', 'Emma Jackson', 'F', 'Denver', 'Broadway St', 'CO', '80202');
INSERT INTO F23_S001_T6_Driver (DriverID, DOB, PlaceOfBirth, Name, Gender, City, Street, State, PinCode) VALUES (11, TO_DATE('1984-06-29', 'YYYY-MM-DD'), 'Philadelphia', 'Andrew Wilson', 'M', 'Philadelphia', 'Chestnut St', 'PA', '19102');
INSERT INTO F23_S001_T6_Driver (DriverID, DOB, PlaceOfBirth, Name, Gender, City, Street, State, PinCode) VALUES (12, TO_DATE('1998-03-08', 'YYYY-MM-DD'), 'Phoenix', 'Isabella Anderson', 'F', 'Phoenix', 'Camelback Rd', 'AZ', '85001');
INSERT INTO F23_S001_T6_Driver (DriverID, DOB, PlaceOfBirth, Name, Gender, City, Street, State, PinCode) VALUES (13, TO_DATE('1986-09-12', 'YYYY-MM-DD'), 'Boston', 'Christopher Taylor', 'M', 'Boston', 'Boylston St', 'MA', '02101');
INSERT INTO F23_S001_T6_Driver (DriverID, DOB, PlaceOfBirth, Name, Gender, City, Street, State, PinCode) VALUES (14, TO_DATE('1994-11-23', 'YYYY-MM-DD'), 'Detroit', 'Ella Rodriguez', 'F', 'Detroit', 'Woodward Ave', 'MI', '48201');
INSERT INTO F23_S001_T6_Driver (DriverID, DOB, PlaceOfBirth, Name, Gender, City, Street, State, PinCode) VALUES (15, TO_DATE('1983-04-05', 'YYYY-MM-DD'), 'Austin', 'Nathan Hernandez', 'M', 'Austin', 'Congress Ave', 'TX', '78701');
INSERT INTO F23_S001_T6_Driver (DriverID, DOB, PlaceOfBirth, Name, Gender, City, Street, State, PinCode) VALUES (16, TO_DATE('1990-12-18', 'YYYY-MM-DD'), 'San Diego', 'Sophie Turner', 'F', 'San Diego', 'Gaslamp Quarter', 'CA', '92101');
INSERT INTO F23_S001_T6_Driver (DriverID, DOB, PlaceOfBirth, Name, Gender, City, Street, State, PinCode) VALUES (17, TO_DATE('1982-08-01', 'YYYY-MM-DD'), 'Nashville', 'Robert Moore', 'M', 'Nashville', 'Broadway', 'TN', '37201');
INSERT INTO F23_S001_T6_Driver (DriverID, DOB, PlaceOfBirth, Name, Gender, City, Street, State, PinCode) VALUES (18, TO_DATE('1997-05-14', 'YYYY-MM-DD'), 'Portland', 'Grace Adams', 'F', 'Portland', 'Pearl District', 'OR', '97201');
INSERT INTO F23_S001_T6_Driver (DriverID, DOB, PlaceOfBirth, Name, Gender, City, Street, State, PinCode) VALUES (19, TO_DATE('1989-02-26', 'YYYY-MM-DD'), 'Las Vegas', 'Michael White', 'M', 'Las Vegas', 'Las Vegas Blvd', 'NV', '89101');
INSERT INTO F23_S001_T6_Driver (DriverID, DOB, PlaceOfBirth, Name, Gender, City, Street, State, PinCode) VALUES (20, TO_DATE('1996-10-09', 'YYYY-MM-DD'), 'Charlotte', 'Chloe Robinson', 'F', 'Charlotte', 'Tryon St', 'NC', '28202');
INSERT INTO F23_S001_T6_Driver (DriverID, DOB, PlaceOfBirth, Name, Gender, City, Street, State, PinCode) VALUES (21, TO_DATE('1981-07-22', 'YYYY-MM-DD'), 'San Antonio', 'Brandon Davis', 'M', 'San Antonio', 'Riverwalk', 'TX', '78205');
INSERT INTO F23_S001_T6_Driver (DriverID, DOB, PlaceOfBirth, Name, Gender, City, Street, State, PinCode) VALUES (22, TO_DATE('1992-04-02', 'YYYY-MM-DD'), 'Minneapolis', 'Zoe Taylor', 'F', 'Minneapolis', 'Nicollet Mall', 'MN', '55401');
INSERT INTO F23_S001_T6_Driver (DriverID, DOB, PlaceOfBirth, Name, Gender, City, Street, State, PinCode) VALUES (23, TO_DATE('1984-11-15', 'YYYY-MM-DD'), 'Orlando', 'Ryan Johnson', 'M', 'Orlando', 'International Dr', 'FL', '32801');
INSERT INTO F23_S001_T6_Driver (DriverID, DOB, PlaceOfBirth, Name, Gender, City, Street, State, PinCode) VALUES (24, TO_DATE('1999-06-28', 'YYYY-MM-DD'), 'Raleigh', 'Lily Martin', 'F', 'Raleigh', 'Fayetteville St', 'NC', '27601');
INSERT INTO F23_S001_T6_Driver (DriverID, DOB, PlaceOfBirth, Name, Gender, City, Street, State, PinCode) VALUES (25, TO_DATE('1986-03-03', 'YYYY-MM-DD'), 'Tampa', 'Joshua Hernandez', 'M', 'Tampa', 'Bayshore Blvd', 'FL', '33601');
INSERT INTO F23_S001_T6_Driver (DriverID, DOB, PlaceOfBirth, Name, Gender, City, Street, State, PinCode) VALUES (26, TO_DATE('1993-09-16', 'YYYY-MM-DD'), 'Cleveland', 'Avery Allen', 'F', 'Cleveland', 'Euclid Ave', 'OH', '44101');
INSERT INTO F23_S001_T6_Driver (DriverID, DOB, PlaceOfBirth, Name, Gender, City, Street, State, PinCode) VALUES (27, TO_DATE('1988-01-31', 'YYYY-MM-DD'), 'Kansas City', 'Madison Brown', 'M', 'Kansas City', 'Country Club Plaza', 'MO', '64101');
INSERT INTO F23_S001_T6_Driver (DriverID, DOB, PlaceOfBirth, Name, Gender, City, Street, State, PinCode) VALUES (28, TO_DATE('1995-08-14', 'YYYY-MM-DD'), 'Pittsburgh', 'Ethan Smith', 'F', 'Pittsburgh', 'Liberty Ave', 'PA', '15201');
INSERT INTO F23_S001_T6_Driver (DriverID, DOB, PlaceOfBirth, Name, Gender, City, Street, State, PinCode) VALUES (29, TO_DATE('1980-04-07', 'YYYY-MM-DD'), 'Columbus', 'Hannah Perez', 'M', 'Columbus', 'High St', 'OH', '43201');
INSERT INTO F23_S001_T6_Driver (DriverID, DOB, PlaceOfBirth, Name, Gender, City, Street, State, PinCode) VALUES (30, TO_DATE('1991-11-20', 'YYYY-MM-DD'), 'Indianapolis', 'David Wilson', 'F', 'Indianapolis', 'Mass Ave', 'IN', '46201');
INSERT INTO F23_S001_T6_Driver (DriverID, DOB, PlaceOfBirth, Name, Gender, City, Street, State, PinCode) VALUES (31, TO_DATE('1987-06-02', 'YYYY-MM-DD'), 'St. Louis', 'Mia Turner', 'M', 'St. Louis', 'Delmar Loop', 'MO', '63101');
INSERT INTO F23_S001_T6_Driver (DriverID, DOB, PlaceOfBirth, Name, Gender, City, Street, State, PinCode) VALUES (32, TO_DATE('1994-01-15', 'YYYY-MM-DD'), 'San Jose', 'Logan Harris', 'F', 'San Jose', 'Santana Row', 'CA', '95101');
INSERT INTO F23_S001_T6_Driver (DriverID, DOB, PlaceOfBirth, Name, Gender, City, Street, State, PinCode) VALUES (33, TO_DATE('1982-05-28', 'YYYY-MM-DD'), 'Salt Lake City', 'Aiden Rodriguez', 'M', 'Salt Lake City', 'Main St', 'UT', '84101');
INSERT INTO F23_S001_T6_Driver (DriverID, DOB, PlaceOfBirth, Name, Gender, City, Street, State, PinCode) VALUES (34, TO_DATE('1998-12-11', 'YYYY-MM-DD'), 'Hartford', 'Victoria Garcia', 'F', 'Hartford', 'Front St', 'CT', '06101');
INSERT INTO F23_S001_T6_Driver (DriverID, DOB, PlaceOfBirth, Name, Gender, City, Street, State, PinCode) VALUES (35, TO_DATE('1985-07-24', 'YYYY-MM-DD'), 'Louisville', 'Elijah Smith', 'M', 'Louisville', 'Fourth St', 'KY', '40202');
INSERT INTO F23_S001_T6_Driver (DriverID, DOB, PlaceOfBirth, Name, Gender, City, Street, State, PinCode) VALUES (36, TO_DATE('1996-02-06', 'YYYY-MM-DD'), 'Milwaukee', 'Sophia Davis', 'F', 'Milwaukee', 'Water St', 'WI', '53201');
INSERT INTO F23_S001_T6_Driver (DriverID, DOB, PlaceOfBirth, Name, Gender, City, Street, State, PinCode) VALUES (37, TO_DATE('1983-09-19', 'YYYY-MM-DD'), 'Oklahoma City', 'Mason Anderson', 'M', 'Oklahoma City', 'Bricktown', 'OK', '73101');
INSERT INTO F23_S001_T6_Driver (DriverID, DOB, PlaceOfBirth, Name, Gender, City, Street, State, PinCode) VALUES (38, TO_DATE('1990-04-02', 'YYYY-MM-DD'), 'Albuquerque', 'Aria Thompson', 'F', 'Albuquerque', 'Central Ave', 'NM', '87101');
INSERT INTO F23_S001_T6_Driver (DriverID, DOB, PlaceOfBirth, Name, Gender, City, Street, State, PinCode) VALUES (39, TO_DATE('1987-11-15', 'YYYY-MM-DD'), 'Memphis', 'Caleb Moore', 'M', 'Memphis', 'Beale St', 'TN', '38103');
INSERT INTO F23_S001_T6_Driver (DriverID, DOB, PlaceOfBirth, Name, Gender, City, Street, State, PinCode) VALUES (40, TO_DATE('1993-06-28', 'YYYY-MM-DD'), 'Richmond', 'Luna Martinez', 'F', 'Richmond', 'Cary St', 'VA', '23219');
INSERT INTO F23_S001_T6_Driver (DriverID, DOB, PlaceOfBirth, Name, Gender, City, Street, State, PinCode) VALUES (41, TO_DATE('1981-03-03', 'YYYY-MM-DD'), 'New Orleans', 'Ethan Harris', 'M', 'New Orleans', 'Bourbon St', 'LA', '70112');
INSERT INTO F23_S001_T6_Driver (DriverID, DOB, PlaceOfBirth, Name, Gender, City, Street, State, PinCode) VALUES (42, TO_DATE('1992-08-16', 'YYYY-MM-DD'), 'Buffalo', 'Ava Wilson', 'F', 'Buffalo', 'Elmwood Ave', 'NY', '14201');
INSERT INTO F23_S001_T6_Driver (DriverID, DOB, PlaceOfBirth, Name, Gender, City, Street, State, PinCode) VALUES (43, TO_DATE('1984-01-29', 'YYYY-MM-DD'), 'Birmingham', 'Samuel Garcia', 'M', 'Birmingham', 'Uptown', 'AL', '35203');
INSERT INTO F23_S001_T6_Driver (DriverID, DOB, PlaceOfBirth, Name, Gender, City, Street, State, PinCode) VALUES (44, TO_DATE('1999-07-12', 'YYYY-MM-DD'), 'Boise', 'Scarlett Turner', 'F', 'Boise', 'Downtown', 'ID', '83702');
INSERT INTO F23_S001_T6_Driver (DriverID, DOB, PlaceOfBirth, Name, Gender, City, Street, State, PinCode) VALUES (45, TO_DATE('1986-04-25', 'YYYY-MM-DD'), 'Anchorage', 'Connor Brown', 'M', 'Anchorage', 'Downtown', 'AK', '99501');
INSERT INTO F23_S001_T6_Driver (DriverID, DOB, PlaceOfBirth, Name, Gender, City, Street, State, PinCode) VALUES (46, TO_DATE('1995-10-08', 'YYYY-MM-DD'), 'Honolulu', 'Mila Hernandez', 'F', 'Honolulu', 'Waikiki', 'HI', '96815');
INSERT INTO F23_S001_T6_Driver (DriverID, DOB, PlaceOfBirth, Name, Gender, City, Street, State, PinCode) VALUES (47, TO_DATE('1982-07-21', 'YYYY-MM-DD'), 'Des Moines', 'Gabriel Taylor', 'M', 'Des Moines', 'East Village', 'IA', '50309');
INSERT INTO F23_S001_T6_Driver (DriverID, DOB, PlaceOfBirth, Name, Gender, City, Street, State, PinCode) VALUES (48, TO_DATE('1997-02-14', 'YYYY-MM-DD'), 'Little Rock', 'Layla Davis', 'F', 'Little Rock', 'River Market', 'AR', '72201');
INSERT INTO F23_S001_T6_Driver (DriverID, DOB, PlaceOfBirth, Name, Gender, City, Street, State, PinCode) VALUES (49, TO_DATE('1989-09-27', 'YYYY-MM-DD'), 'Montgomery', 'Zachary Moore', 'M', 'Montgomery', 'Dexter Ave', 'AL', '36104');
INSERT INTO F23_S001_T6_Driver (DriverID, DOB, PlaceOfBirth, Name, Gender, City, Street, State, PinCode) VALUES (50, TO_DATE('1996-05-10', 'YYYY-MM-DD'), 'Juneau', 'Penelope Wilson', 'F', 'Juneau', 'Downtown', 'AK', '99801');

---- Insert statements for F23_S001_T6_DriverIndetification

INSERT INTO F23_S001_T6_DriverIdentification (DrivingLicenseNumber, DriverID, SSN, PassportNumber) VALUES ('DL987654', 1, '456-78-9012', 'EF4567890');
INSERT INTO F23_S001_T6_DriverIdentification (DrivingLicenseNumber, DriverID, SSN, PassportNumber) VALUES ('DL543210', 2, '789-01-2345', 'GH6789012');
INSERT INTO F23_S001_T6_DriverIdentification (DrivingLicenseNumber, DriverID, SSN, PassportNumber) VALUES ('DL246801', 3, '123-45-6789', 'IJ7890123');
INSERT INTO F23_S001_T6_DriverIdentification (DrivingLicenseNumber, DriverID, SSN, PassportNumber) VALUES ('DL135792', 4, '567-89-0123', 'KL8901234');
INSERT INTO F23_S001_T6_DriverIdentification (DrivingLicenseNumber, DriverID, SSN, PassportNumber) VALUES ('DL864209', 5, '901-23-4567', 'MN9012345');
INSERT INTO F23_S001_T6_DriverIdentification (DrivingLicenseNumber, DriverID, SSN, PassportNumber) VALUES ('DL713580', 6, '234-56-7890', 'OP0123456');
INSERT INTO F23_S001_T6_DriverIdentification (DrivingLicenseNumber, DriverID, SSN, PassportNumber) VALUES ('DL952703', 7, '678-90-1234', 'QR1234567');
INSERT INTO F23_S001_T6_DriverIdentification (DrivingLicenseNumber, DriverID, SSN, PassportNumber) VALUES ('DL398465', 8, '012-34-5678', 'ST2345678');
INSERT INTO F23_S001_T6_DriverIdentification (DrivingLicenseNumber, DriverID, SSN, PassportNumber) VALUES ('DL576032', 9, '345-67-8901', 'UV3456789');
INSERT INTO F23_S001_T6_DriverIdentification (DrivingLicenseNumber, DriverID, SSN, PassportNumber) VALUES ('DL209874', 10, '789-01-2345', 'WX4567890');
INSERT INTO F23_S001_T6_DriverIdentification (DrivingLicenseNumber, DriverID, SSN, PassportNumber) VALUES ('DL670943', 11, '123-45-6789', 'YZ5678901');
INSERT INTO F23_S001_T6_DriverIdentification (DrivingLicenseNumber, DriverID, SSN, PassportNumber) VALUES ('DL301278', 12, '456-78-9012', 'AB6789012');
INSERT INTO F23_S001_T6_DriverIdentification (DrivingLicenseNumber, DriverID, SSN, PassportNumber) VALUES ('DL849205', 13, '789-01-2345', 'CD7890123');
INSERT INTO F23_S001_T6_DriverIdentification (DrivingLicenseNumber, DriverID, SSN, PassportNumber) VALUES ('DL462530', 14, '234-56-7890', 'EF8901234');
INSERT INTO F23_S001_T6_DriverIdentification (DrivingLicenseNumber, DriverID, SSN, PassportNumber) VALUES ('DL795814', 15, '567-89-0123', 'GH9012345');
INSERT INTO F23_S001_T6_DriverIdentification (DrivingLicenseNumber, DriverID, SSN, PassportNumber) VALUES ('DL158347', 16, '901-23-4567', 'IJ0123456');
INSERT INTO F23_S001_T6_DriverIdentification (DrivingLicenseNumber, DriverID, SSN, PassportNumber) VALUES ('DL632481', 17, '123-45-6789', 'KL1234567');
INSERT INTO F23_S001_T6_DriverIdentification (DrivingLicenseNumber, DriverID, SSN, PassportNumber) VALUES ('DL297506', 18, '456-78-9012', 'MN2345678');
INSERT INTO F23_S001_T6_DriverIdentification (DrivingLicenseNumber, DriverID, SSN, PassportNumber) VALUES ('DL740129', 19, '789-01-2345', 'OP3456789');
INSERT INTO F23_S001_T6_DriverIdentification (DrivingLicenseNumber, DriverID, SSN, PassportNumber) VALUES ('DL513824', 20, '234-56-7890', 'QR4567890');
INSERT INTO F23_S001_T6_DriverIdentification (DrivingLicenseNumber, DriverID, SSN, PassportNumber) VALUES ('DL965237', 21, '567-89-0123', 'ST5678901');
INSERT INTO F23_S001_T6_DriverIdentification (DrivingLicenseNumber, DriverID, SSN, PassportNumber) VALUES ('DL624871', 22, '901-23-4567', 'UV6789012');
INSERT INTO F23_S001_T6_DriverIdentification (DrivingLicenseNumber, DriverID, SSN, PassportNumber) VALUES ('DL381659', 23, '123-45-6789', 'WX7890123');
INSERT INTO F23_S001_T6_DriverIdentification (DrivingLicenseNumber, DriverID, SSN, PassportNumber) VALUES ('DL897314', 24, '456-78-9012', 'YZ8901234');
INSERT INTO F23_S001_T6_DriverIdentification (DrivingLicenseNumber, DriverID, SSN, PassportNumber) VALUES ('DL450728', 25, '789-01-2345', 'AB9012345');
INSERT INTO F23_S001_T6_DriverIdentification (DrivingLicenseNumber, DriverID, SSN, PassportNumber) VALUES ('DL208475', 26, '234-56-7890', 'CD0123456');
INSERT INTO F23_S001_T6_DriverIdentification (DrivingLicenseNumber, DriverID, SSN, PassportNumber) VALUES ('DL763890', 27, '567-89-0123', 'EF1234567');
INSERT INTO F23_S001_T6_DriverIdentification (DrivingLicenseNumber, DriverID, SSN, PassportNumber) VALUES ('DL520937', 28, '901-23-4567', 'GH2345678');
INSERT INTO F23_S001_T6_DriverIdentification (DrivingLicenseNumber, DriverID, SSN, PassportNumber) VALUES ('DL689204', 29, '123-45-6789', 'IJ3456789');
INSERT INTO F23_S001_T6_DriverIdentification (DrivingLicenseNumber, DriverID, SSN, PassportNumber) VALUES ('DL347916', 30, '456-78-9012', 'KL4567890');
INSERT INTO F23_S001_T6_DriverIdentification (DrivingLicenseNumber, DriverID, SSN, PassportNumber) VALUES ('DL106532', 31, '789-01-2345', 'MN5678901');
INSERT INTO F23_S001_T6_DriverIdentification (DrivingLicenseNumber, DriverID, SSN, PassportNumber) VALUES ('DL872401', 32, '234-56-7890', 'OP6789012');
INSERT INTO F23_S001_T6_DriverIdentification (DrivingLicenseNumber, DriverID, SSN, PassportNumber) VALUES ('DL593187', 33, '567-89-0123', 'QR7890123');
INSERT INTO F23_S001_T6_DriverIdentification (DrivingLicenseNumber, DriverID, SSN, PassportNumber) VALUES ('DL418350', 34, '901-23-4567', 'ST8901234');
INSERT INTO F23_S001_T6_DriverIdentification (DrivingLicenseNumber, DriverID, SSN, PassportNumber) VALUES ('DL285049', 35, '123-45-6789', 'UV0123456');
INSERT INTO F23_S001_T6_DriverIdentification (DrivingLicenseNumber, DriverID, SSN, PassportNumber) VALUES ('DL964723', 36, '456-78-9012', 'WX1234567');
INSERT INTO F23_S001_T6_DriverIdentification (DrivingLicenseNumber, DriverID, SSN, PassportNumber) VALUES ('DL731482', 37, '789-01-2345', 'YZ2345678');
INSERT INTO F23_S001_T6_DriverIdentification (DrivingLicenseNumber, DriverID, SSN, PassportNumber) VALUES ('DL609237', 38, '234-56-7890', 'AB3456789');
INSERT INTO F23_S001_T6_DriverIdentification (DrivingLicenseNumber, DriverID, SSN, PassportNumber) VALUES ('DL182594', 39, '567-89-0123', 'CD4567890');
INSERT INTO F23_S001_T6_DriverIdentification (DrivingLicenseNumber, DriverID, SSN, PassportNumber) VALUES ('DL543029', 40, '901-23-4567', 'EF5678901');
INSERT INTO F23_S001_T6_DriverIdentification (DrivingLicenseNumber, DriverID, SSN, PassportNumber) VALUES ('DL915362', 41, '123-45-6789', 'GH6789012');
INSERT INTO F23_S001_T6_DriverIdentification (DrivingLicenseNumber, DriverID, SSN, PassportNumber) VALUES ('DL674891', 42, '456-78-9012', 'IJ7890123');
INSERT INTO F23_S001_T6_DriverIdentification (DrivingLicenseNumber, DriverID, SSN, PassportNumber) VALUES ('DL350129', 43, '789-01-2345', 'KL8901234');
INSERT INTO F23_S001_T6_DriverIdentification (DrivingLicenseNumber, DriverID, SSN, PassportNumber) VALUES ('DL827501', 44, '234-56-7890', 'MN9012345');
INSERT INTO F23_S001_T6_DriverIdentification (DrivingLicenseNumber, DriverID, SSN, PassportNumber) VALUES ('DL496530', 45, '567-89-0123', 'OP0123456');
INSERT INTO F23_S001_T6_DriverIdentification (DrivingLicenseNumber, DriverID, SSN, PassportNumber) VALUES ('DL758290', 46, '901-23-4567', 'QR1234567');
INSERT INTO F23_S001_T6_DriverIdentification (DrivingLicenseNumber, DriverID, SSN, PassportNumber) VALUES ('DL625401', 47, '123-45-6789', 'ST2345678');
INSERT INTO F23_S001_T6_DriverIdentification (DrivingLicenseNumber, DriverID, SSN, PassportNumber) VALUES ('DL903218', 48, '456-78-9012', 'UV3456789');
INSERT INTO F23_S001_T6_DriverIdentification (DrivingLicenseNumber, DriverID, SSN, PassportNumber) VALUES ('DL462759', 49, '789-01-2345', 'WX4567890');
INSERT INTO F23_S001_T6_DriverIdentification (DrivingLicenseNumber, DriverID, SSN, PassportNumber) VALUES ('DL831594', 50, '234-56-7890', 'YZ5678901');



-- Insert into F23_S001_T6_Vehicle

Insert into F23_S001_T6_Vehicle(VehicleNumber,DriverID,VehicleType,VehicleManufacturers,MainName,ModelName,YearOfManufacture) values ('ABC123',1,'Sedan','Toyota','Camry','Base',2020);
Insert into F23_S001_T6_Vehicle(VehicleNumber,DriverID,VehicleType,VehicleManufacturers,MainName,ModelName,YearOfManufacture) values ('BCD234',29,'Sedan','Honda','Accord','Sport',2020);
Insert into F23_S001_T6_Vehicle(VehicleNumber,DriverID,VehicleType,VehicleManufacturers,MainName,ModelName,YearOfManufacture) values ('BCD567',20,'Truck','Nissan','Titan','Pro-4X',2016);
Insert into F23_S001_T6_Vehicle(VehicleNumber,DriverID,VehicleType,VehicleManufacturers,MainName,ModelName,YearOfManufacture) values ('BCD678',47,'Compact','Mazda','Mazda3','Touring',2019);
Insert into F23_S001_T6_Vehicle(VehicleNumber,DriverID,VehicleType,VehicleManufacturers,MainName,ModelName,YearOfManufacture) values ('BCD890',11,'Convertible','BMW','4 Series','Convertible',2021);
Insert into F23_S001_T6_Vehicle(VehicleNumber,DriverID,VehicleType,VehicleManufacturers,MainName,ModelName,YearOfManufacture) values ('BCD901',38,'SUV','Kia','Sportage','EX',2017);
Insert into F23_S001_T6_Vehicle(VehicleNumber,DriverID,VehicleType,VehicleManufacturers,MainName,ModelName,YearOfManufacture) values ('DEF456',3,'Compact','Honda','Civic','EX',2019);
Insert into F23_S001_T6_Vehicle(VehicleNumber,DriverID,VehicleType,VehicleManufacturers,MainName,ModelName,YearOfManufacture) values ('EFG123',12,'Truck','GMC','Sierra','SLT',2019);
Insert into F23_S001_T6_Vehicle(VehicleNumber,DriverID,VehicleType,VehicleManufacturers,MainName,ModelName,YearOfManufacture) values ('EFG234',39,'Hatchback','Subaru','Crosstrek','Premium',2021);
Insert into F23_S001_T6_Vehicle(VehicleNumber,DriverID,VehicleType,VehicleManufacturers,MainName,ModelName,YearOfManufacture) values ('EFG567',30,'SUV','Ford','Edge','Titanium',2018);
Insert into F23_S001_T6_Vehicle(VehicleNumber,DriverID,VehicleType,VehicleManufacturers,MainName,ModelName,YearOfManufacture) values ('EFG890',21,'Sedan','Hyundai','Elantra','Limited',2021);
Insert into F23_S001_T6_Vehicle(VehicleNumber,DriverID,VehicleType,VehicleManufacturers,MainName,ModelName,YearOfManufacture) values ('EFG901',48,'Truck','Nissan','Frontier','SV',2017);
Insert into F23_S001_T6_Vehicle(VehicleNumber,DriverID,VehicleType,VehicleManufacturers,MainName,ModelName,YearOfManufacture) values ('GHI789',4,'Truck','Chevrolet','Silverado','LT',2017);
Insert into F23_S001_T6_Vehicle(VehicleNumber,DriverID,VehicleType,VehicleManufacturers,MainName,ModelName,YearOfManufacture) values ('HIJ123',22,'SUV','Jeep','Wrangler','Sahara',2017);
Insert into F23_S001_T6_Vehicle(VehicleNumber,DriverID,VehicleType,VehicleManufacturers,MainName,ModelName,YearOfManufacture) values ('HIJ234',49,'Sedan','Hyundai','Accent','SE',2021);
Insert into F23_S001_T6_Vehicle(VehicleNumber,DriverID,VehicleType,VehicleManufacturers,MainName,ModelName,YearOfManufacture) values ('HIJ456',13,'Sedan','Kia','Optima','EX',2020);
Insert into F23_S001_T6_Vehicle(VehicleNumber,DriverID,VehicleType,VehicleManufacturers,MainName,ModelName,YearOfManufacture) values ('HIJ567',40,'Truck','Ford','Ranger','XLT',2019);
Insert into F23_S001_T6_Vehicle(VehicleNumber,DriverID,VehicleType,VehicleManufacturers,MainName,ModelName,YearOfManufacture) values ('HIJ890',31,'Compact','Nissan','Sentra','SV',2019);
Insert into F23_S001_T6_Vehicle(VehicleNumber,DriverID,VehicleType,VehicleManufacturers,MainName,ModelName,YearOfManufacture) values ('JKL012',5,'Sedan','Nissan','Altima','SV',2021);
Insert into F23_S001_T6_Vehicle(VehicleNumber,DriverID,VehicleType,VehicleManufacturers,MainName,ModelName,YearOfManufacture) values ('KLM123',32,'Truck','Chevrolet','Colorado','ZR2',2017);
Insert into F23_S001_T6_Vehicle(VehicleNumber,DriverID,VehicleType,VehicleManufacturers,MainName,ModelName,YearOfManufacture) values ('KLM456',23,'Convertible','Mazda','MX-5 Miata','Grand Touring',2022);
Insert into F23_S001_T6_Vehicle(VehicleNumber,DriverID,VehicleType,VehicleManufacturers,MainName,ModelName,YearOfManufacture) values ('KLM567',50,'SUV','Kia','Sorento','LX',2016);
Insert into F23_S001_T6_Vehicle(VehicleNumber,DriverID,VehicleType,VehicleManufacturers,MainName,ModelName,YearOfManufacture) values ('KLM789',14,'SUV','Mazda','CX-5','Grand Touring',2018);
Insert into F23_S001_T6_Vehicle(VehicleNumber,DriverID,VehicleType,VehicleManufacturers,MainName,ModelName,YearOfManufacture) values ('KLM890',41,'Sedan','Chevrolet','Cruze','Premier',2020);
Insert into F23_S001_T6_Vehicle(VehicleNumber,DriverID,VehicleType,VehicleManufacturers,MainName,ModelName,YearOfManufacture) values ('MNO345',6,'SUV','Jeep','Grand Cherokee','Laredo',2016);
Insert into F23_S001_T6_Vehicle(VehicleNumber,DriverID,VehicleType,VehicleManufacturers,MainName,ModelName,YearOfManufacture) values ('NOP012',15,'Compact','Subaru','Impreza','Premium',2022);
Insert into F23_S001_T6_Vehicle(VehicleNumber,DriverID,VehicleType,VehicleManufacturers,MainName,ModelName,YearOfManufacture) values ('NOP123',42,'SUV','Honda','Pilot','Touring',2018);
Insert into F23_S001_T6_Vehicle(VehicleNumber,DriverID,VehicleType,VehicleManufacturers,MainName,ModelName,YearOfManufacture) values ('NOP456',33,'Sedan','Toyota','Corolla','SE',2022);
Insert into F23_S001_T6_Vehicle(VehicleNumber,DriverID,VehicleType,VehicleManufacturers,MainName,ModelName,YearOfManufacture) values ('NOP789',24,'Truck','Ram','2500','Laramie',2020);
Insert into F23_S001_T6_Vehicle(VehicleNumber,DriverID,VehicleType,VehicleManufacturers,MainName,ModelName,YearOfManufacture) values ('PQR012',25,'Sedan','Ford','Focus','SE',2018);
Insert into F23_S001_T6_Vehicle(VehicleNumber,DriverID,VehicleType,VehicleManufacturers,MainName,ModelName,YearOfManufacture) values ('PQR345',16,'Truck','Toyota','Tundra','SR5',2017);
Insert into F23_S001_T6_Vehicle(VehicleNumber,DriverID,VehicleType,VehicleManufacturers,MainName,ModelName,YearOfManufacture) values ('PQR456',43,'Convertible','BMW','2 Series','Convertible',2017);
Insert into F23_S001_T6_Vehicle(VehicleNumber,DriverID,VehicleType,VehicleManufacturers,MainName,ModelName,YearOfManufacture) values ('PQR678',7,'Hatchback','Volkswagen','Golf','SE',2022);
Insert into F23_S001_T6_Vehicle(VehicleNumber,DriverID,VehicleType,VehicleManufacturers,MainName,ModelName,YearOfManufacture) values ('PQR789',34,'SUV','Jeep','Cherokee','Trailhawk',2016);
Insert into F23_S001_T6_Vehicle(VehicleNumber,DriverID,VehicleType,VehicleManufacturers,MainName,ModelName,YearOfManufacture) values ('STU012',35,'Convertible','Mazda','CX-3','Grand Touring',2020);
Insert into F23_S001_T6_Vehicle(VehicleNumber,DriverID,VehicleType,VehicleManufacturers,MainName,ModelName,YearOfManufacture) values ('STU345',26,'SUV','Chevrolet','Equinox','LT',2019);
Insert into F23_S001_T6_Vehicle(VehicleNumber,DriverID,VehicleType,VehicleManufacturers,MainName,ModelName,YearOfManufacture) values ('STU678',17,'Sedan','Chevrolet','Malibu','Premier',2019);
Insert into F23_S001_T6_Vehicle(VehicleNumber,DriverID,VehicleType,VehicleManufacturers,MainName,ModelName,YearOfManufacture) values ('STU789',44,'Truck','Toyota','Sequoia','Platinum',2022);
Insert into F23_S001_T6_Vehicle(VehicleNumber,DriverID,VehicleType,VehicleManufacturers,MainName,ModelName,YearOfManufacture) values ('STU901',8,'Truck','Ram','1500','Big Horn',2020);
Insert into F23_S001_T6_Vehicle(VehicleNumber,DriverID,VehicleType,VehicleManufacturers,MainName,ModelName,YearOfManufacture) values ('VWX012',45,'Sedan','Ford','Taurus','SEL',2020);
Insert into F23_S001_T6_Vehicle(VehicleNumber,DriverID,VehicleType,VehicleManufacturers,MainName,ModelName,YearOfManufacture) values ('VWX234',9,'Sedan','Ford','Fusion','SE',2018);
Insert into F23_S001_T6_Vehicle(VehicleNumber,DriverID,VehicleType,VehicleManufacturers,MainName,ModelName,YearOfManufacture) values ('VWX345',36,'Truck','GMC','Canyon','SLE',2018);
Insert into F23_S001_T6_Vehicle(VehicleNumber,DriverID,VehicleType,VehicleManufacturers,MainName,ModelName,YearOfManufacture) values ('VWX678',27,'Hatchback','Volkswagen','Beetle','S',2017);
Insert into F23_S001_T6_Vehicle(VehicleNumber,DriverID,VehicleType,VehicleManufacturers,MainName,ModelName,YearOfManufacture) values ('VWX901',18,'SUV','Ford','Escape','SE',2020);
Insert into F23_S001_T6_Vehicle(VehicleNumber,DriverID,VehicleType,VehicleManufacturers,MainName,ModelName,YearOfManufacture) values ('XYZ789',2,'SUV','Ford','Explorer','Limited',2018);
Insert into F23_S001_T6_Vehicle(VehicleNumber,DriverID,VehicleType,VehicleManufacturers,MainName,ModelName,YearOfManufacture) values ('YZA234',19,'Hatchback','Honda','Fit','Sport',2018);
Insert into F23_S001_T6_Vehicle(VehicleNumber,DriverID,VehicleType,VehicleManufacturers,MainName,ModelName,YearOfManufacture) values ('YZA345',46,'SUV','Jeep','Compass','Latitude',2018);
Insert into F23_S001_T6_Vehicle(VehicleNumber,DriverID,VehicleType,VehicleManufacturers,MainName,ModelName,YearOfManufacture) values ('YZA567',10,'SUV','Hyundai','Santa Fe','Limited',2017);
Insert into F23_S001_T6_Vehicle(VehicleNumber,DriverID,VehicleType,VehicleManufacturers,MainName,ModelName,YearOfManufacture) values ('YZA678',37,'Sedan','Hyundai','Sonata','Limited',2019);
Insert into F23_S001_T6_Vehicle(VehicleNumber,DriverID,VehicleType,VehicleManufacturers,MainName,ModelName,YearOfManufacture) values ('YZA901',28,'Truck','Toyota','Tacoma','SR5',2021);

-- Insert into F23_S001_T6_Customer table
INSERT INTO F23_S001_T6_Customer VALUES (4408, TO_DATE('2002-12-12', 'YYYY-MM-DD'), 'Stephanie Torres', 'F', 'Mckaymouth', '536 Johnson Vista Apt. 920', 'Alaska', '78247');
INSERT INTO F23_S001_T6_Customer VALUES (9579, TO_DATE('2001-08-27', 'YYYY-MM-DD'), 'Jason Schultz', 'F', 'Lake Katherine', '57525 Kendra Lodge', 'New Jersey', '66439');
INSERT INTO F23_S001_T6_Customer VALUES (3421, TO_DATE('2000-01-15', 'YYYY-MM-DD'), 'Mr. Scott Hall', 'M', 'Lake Sydneytown', '0295 Keith Bridge', 'Nebraska', '85619');
INSERT INTO F23_S001_T6_Customer VALUES (1918, TO_DATE('2000-05-29', 'YYYY-MM-DD'), 'Margaret Duran', 'M', 'East Williamtown', '47982 Stevenson Walk Apt. 726', 'Illinois', '98403');
INSERT INTO F23_S001_T6_Customer VALUES (9337, TO_DATE('2003-09-12', 'YYYY-MM-DD'), 'Keith Gross', 'F', 'North Michelle', '2795 Bradley Avenue Apt. 540', 'Indiana', '18947');
INSERT INTO F23_S001_T6_Customer VALUES (4726, TO_DATE('1998-10-14', 'YYYY-MM-DD'), 'Beth Anderson', 'M', 'Johnsonhaven', '513 Jones Mission Suite 142', 'Minnesota', '91844');
INSERT INTO F23_S001_T6_Customer VALUES (8718, TO_DATE('1998-04-20', 'YYYY-MM-DD'), 'Donald Church', 'M', 'Conwayshire', '5139 Hinton Views', 'Arkansas', '66483');
INSERT INTO F23_S001_T6_Customer VALUES (8052, TO_DATE('1999-06-06', 'YYYY-MM-DD'), 'Janet Nichols', 'F', 'South Derek', '82383 Lee Rapid Suite 841', 'Maine', '24211');
INSERT INTO F23_S001_T6_Customer VALUES (3086, TO_DATE('2005-04-12', 'YYYY-MM-DD'), 'Michael Hill', 'F', 'Garciaville', '97053 Bush Village', 'South Dakota', '40077');
INSERT INTO F23_S001_T6_Customer VALUES (3494, TO_DATE('2001-01-16', 'YYYY-MM-DD'), 'Eric Monroe', 'F', 'Jasonhaven', '986 Kelly Knolls', 'New York', '42874');
INSERT INTO F23_S001_T6_Customer VALUES (4833, TO_DATE('2005-02-12', 'YYYY-MM-DD'), 'Arthur Tyler', 'M', 'New Williamshire', '88356 Collins Canyon', 'Virginia', '99507');
INSERT INTO F23_S001_T6_Customer VALUES (6479, TO_DATE('2003-11-30', 'YYYY-MM-DD'), 'Cheryl Winters', 'F', 'Benjaminland', '11771 Washington Meadow Suite 116', 'Ohio', '34073');
INSERT INTO F23_S001_T6_Customer VALUES (8924, TO_DATE('2004-07-24', 'YYYY-MM-DD'), 'Kenneth Gonzalez', 'F', 'Perezstad', '88784 Miranda Run', 'Illinois', '32854');
INSERT INTO F23_S001_T6_Customer VALUES (7058, TO_DATE('2004-10-17', 'YYYY-MM-DD'), 'Ashley Patterson', 'F', 'Lake Jerry', '9372 Moore Coves Suite 961', 'Hawaii', '73132');
INSERT INTO F23_S001_T6_Customer VALUES (4840, TO_DATE('2004-03-21', 'YYYY-MM-DD'), 'Tyler Lawson', 'F', 'Nelsonton', '813 Boyer Lights Suite 027', 'Alaska', '57032');
INSERT INTO F23_S001_T6_Customer VALUES (3196, TO_DATE('2001-05-28', 'YYYY-MM-DD'), 'James Lopez', 'M', 'North Savannah', '793 Kimberly Turnpike', 'New Jersey', '42349');
INSERT INTO F23_S001_T6_Customer VALUES (9276, TO_DATE('1999-04-20', 'YYYY-MM-DD'), 'Sabrina Ortega', 'M', 'New Brandonbury', '33250 Lauren Greens', 'Oregon', '03182');
INSERT INTO F23_S001_T6_Customer VALUES (9435, TO_DATE('2003-10-27', 'YYYY-MM-DD'), 'Jessica Coleman', 'M', 'New Katie', '77573 Black Circles', 'Arkansas', '55449');
INSERT INTO F23_S001_T6_Customer VALUES (2821, TO_DATE('2001-10-31', 'YYYY-MM-DD'), 'Mr. Ryan Cox', 'F', 'Romerofort', '9957 Austin Mills', 'Massachusetts', '71965');
INSERT INTO F23_S001_T6_Customer VALUES (3673, TO_DATE('1998-10-18', 'YYYY-MM-DD'), 'Austin Walker', 'M', 'Mercershire', '42298 Tiffany Shore', 'Alaska', '83860');
INSERT INTO F23_S001_T6_Customer VALUES (1431, TO_DATE('2004-12-12', 'YYYY-MM-DD'), 'Cassandra Potts', 'F', 'Jerryhaven', '7914 Jackson Throughway Apt. 760', 'Tennessee', '25214');
INSERT INTO F23_S001_T6_Customer VALUES (2645, TO_DATE('2005-01-24', 'YYYY-MM-DD'), 'Susan Leon', 'M', 'Michelleton', '784 Stewart Tunnel', 'Kentucky', '44006');
INSERT INTO F23_S001_T6_Customer VALUES (9257, TO_DATE('1998-08-26', 'YYYY-MM-DD'), 'Todd Kennedy', 'F', 'East Jameschester', '71653 John Union Suite 619', 'Virginia', '05179');
INSERT INTO F23_S001_T6_Customer VALUES (4448, TO_DATE('2002-01-18', 'YYYY-MM-DD'), 'David Hall', 'M', 'Baxterfort', '4390 Miller Rest Apt. 732', 'Mississippi', '40372');
INSERT INTO F23_S001_T6_Customer VALUES (8650, TO_DATE('2001-01-09', 'YYYY-MM-DD'), 'Andrew Spence', 'F', 'Lamfort', '247 Dustin Mill Apt. 898', 'Missouri', '55573');
INSERT INTO F23_S001_T6_Customer VALUES (6248, TO_DATE('1994-06-24', 'YYYY-MM-DD'), 'Robert Lewis', 'M', 'Jonesbury', '194 Allen Villages Suite 123', 'New York', '92792');
INSERT INTO F23_S001_T6_Customer VALUES (9352, TO_DATE('1957-05-15', 'YYYY-MM-DD'), 'Kristina Jones', 'M', 'Popetown', '426 David Unions Suite 584', 'Maryland', '11967');
INSERT INTO F23_S001_T6_Customer VALUES (9207, TO_DATE('1960-01-27', 'YYYY-MM-DD'), 'Lee Johnson', 'M', 'Johntown', '0035 Kyle Motorway Suite 288', 'Alaska', '93477');
INSERT INTO F23_S001_T6_Customer VALUES (7976, TO_DATE('1981-09-09', 'YYYY-MM-DD'), 'Alexis Vasquez', 'M', 'East Carlastad', '29761 Jacob Landing Suite 281', 'Massachusetts', '12381');
INSERT INTO F23_S001_T6_Customer VALUES (9059, TO_DATE('1970-05-21', 'YYYY-MM-DD'), 'Elizabeth Rodriguez', 'M', 'New Jasonburgh', '62381 Nicole Motorway', 'Maryland', '97559');
INSERT INTO F23_S001_T6_Customer VALUES (7458, TO_DATE('1947-05-21', 'YYYY-MM-DD'), 'Mrs. Barbara Bailey', 'M', 'West Ellen', '62928 Ross Road', 'New Jersey', '16668');
INSERT INTO F23_S001_T6_Customer VALUES (2732, TO_DATE('1967-09-18', 'YYYY-MM-DD'), 'Jason Griffin', 'F', 'Collinsshire', '09152 Johnson Lodge Apt. 991', 'Indiana', '36847');
INSERT INTO F23_S001_T6_Customer VALUES (1460, TO_DATE('1915-12-28', 'YYYY-MM-DD'), 'William White DDS', 'F', 'Dianemouth', '633 Collins Oval', 'Ohio', '68704');
INSERT INTO F23_S001_T6_Customer VALUES (1839, TO_DATE('1982-05-08', 'YYYY-MM-DD'), 'Brandon Wood', 'F', 'West Maria', '698 Thomas Green', 'Tennessee', '33473');
INSERT INTO F23_S001_T6_Customer VALUES (5629, TO_DATE('1921-01-16', 'YYYY-MM-DD'), 'Jill Hart', 'F', 'West Nicholas', '0428 Natalie Overpass Suite 670', 'Alaska', '46414');
INSERT INTO F23_S001_T6_Customer VALUES (7966, TO_DATE('1946-08-02', 'YYYY-MM-DD'), 'Julia Moon', 'F', 'Taylormouth', '380 Tamara Street Apt. 616', 'Nebraska', '34166');
INSERT INTO F23_S001_T6_Customer VALUES (2866, TO_DATE('1968-06-06', 'YYYY-MM-DD'), 'Erin Lopez', 'M', 'East Kevin', '305 Joseph Station Suite 867', 'Utah', '54613');
INSERT INTO F23_S001_T6_Customer VALUES (2644, TO_DATE('1911-12-10', 'YYYY-MM-DD'), 'Wayne Fuller', 'M', 'Carlsonland', '45536 Crystal Junctions Apt. 583', 'New Hampshire', '84904');
INSERT INTO F23_S001_T6_Customer VALUES (9302, TO_DATE('1972-03-27', 'YYYY-MM-DD'), 'Laura Carter', 'M', 'South Tamaraport', '38331 Rachel Throughway', 'Oregon', '52151');
INSERT INTO F23_S001_T6_Customer VALUES (7241, TO_DATE('1913-10-05', 'YYYY-MM-DD'), 'Kathryn Murphy', 'M', 'East Samuel', '3656 Garcia Burg', 'Iowa', '41982');
INSERT INTO F23_S001_T6_Customer VALUES (5980, TO_DATE('1914-07-10', 'YYYY-MM-DD'), 'Marissa Brown', 'F', 'Joshuashire', '691 Mark Row', 'Pennsylvania', '52759');
INSERT INTO F23_S001_T6_Customer VALUES (9595, TO_DATE('1940-05-05', 'YYYY-MM-DD'), 'Isaiah Smith', 'M', 'Davidtown', '6189 Jessica Forge', 'Oregon', '84457');
INSERT INTO F23_S001_T6_Customer VALUES (1110, TO_DATE('1957-10-27', 'YYYY-MM-DD'), 'Janet Wolf DVM', 'F', 'Port Craig', '81452 Keith Turnpike', 'Arkansas', '72654');
INSERT INTO F23_S001_T6_Customer VALUES (5360, TO_DATE('1975-09-20', 'YYYY-MM-DD'), 'Robin Rivera', 'F', 'Katherinestad', '5575 Kimberly Motorway Suite 679', 'Alabama', '85089');
INSERT INTO F23_S001_T6_Customer VALUES (8574, TO_DATE('1963-09-25', 'YYYY-MM-DD'), 'Julie Cook', 'M', 'Mackfurt', '699 Regina Spurs Apt. 210', 'Oregon', '26505');
INSERT INTO F23_S001_T6_Customer VALUES (7274, TO_DATE('1980-02-03', 'YYYY-MM-DD'), 'Terri Holmes', 'F', 'Walkerberg', '69653 Chad Creek', 'Washington', '57990');
INSERT INTO F23_S001_T6_Customer VALUES (4963, TO_DATE('1959-04-13', 'YYYY-MM-DD'), 'Kimberly Forbes', 'M', 'Lake Steven', '64285 Jasmine Way Suite 193', 'Hawaii', '59420');
INSERT INTO F23_S001_T6_Customer VALUES (7580, TO_DATE('1969-09-25', 'YYYY-MM-DD'), 'Richard Simmons', 'M', 'Gomezfort', '817 Adams Springs', 'Montana', '79903');
INSERT INTO F23_S001_T6_Customer VALUES (3743, TO_DATE('1950-08-13', 'YYYY-MM-DD'), 'Kyle Clark', 'M', 'East Erinstad', '795 Robert Knolls', 'Oklahoma', '22264');
INSERT INTO F23_S001_T6_Customer VALUES (8160, TO_DATE('1917-11-22', 'YYYY-MM-DD'),'Rebecca Morton', 'M', 'Martinberg', '16550 Wall Mount', 'Hawaii', '69488');

-- Insert into F23_S001_T6_CouponDetails

INSERT INTO F23_S001_T6_CouponDetails (CouponCode, DiscountPercentage) VALUES ('TAXI10', 10.00);
INSERT INTO F23_S001_T6_CouponDetails (CouponCode, DiscountPercentage) VALUES ('RIDE15', 15.50);
INSERT INTO F23_S001_T6_CouponDetails (CouponCode, DiscountPercentage) VALUES ('CAB20', 20.25);
INSERT INTO F23_S001_T6_CouponDetails (CouponCode, DiscountPercentage) VALUES ('DRIVE5', 5.75);
INSERT INTO F23_S001_T6_CouponDetails (CouponCode, DiscountPercentage) VALUES ('QUICK12', 12.80);

-- Insert into F23_S001_T6_CustomerPhoneNumber

INSERT INTO F23_S001_T6_CustomerPhoneNumber (CustomerID, PhoneNumber) VALUES (1110, '5559157615843');
INSERT INTO F23_S001_T6_CustomerPhoneNumber (CustomerID, PhoneNumber) VALUES (1431, '5559817936159');
INSERT INTO F23_S001_T6_CustomerPhoneNumber (CustomerID, PhoneNumber) VALUES (1460, '5551616833574');
INSERT INTO F23_S001_T6_CustomerPhoneNumber (CustomerID, PhoneNumber) VALUES (1839, '5558630359702');
INSERT INTO F23_S001_T6_CustomerPhoneNumber (CustomerID, PhoneNumber) VALUES (1918, '5558301298095');
INSERT INTO F23_S001_T6_CustomerPhoneNumber (CustomerID, PhoneNumber) VALUES (2644, '5555615411676');
INSERT INTO F23_S001_T6_CustomerPhoneNumber (CustomerID, PhoneNumber) VALUES (2645, '5553173164402');
INSERT INTO F23_S001_T6_CustomerPhoneNumber (CustomerID, PhoneNumber) VALUES (2732, '5559019587290');
INSERT INTO F23_S001_T6_CustomerPhoneNumber (CustomerID, PhoneNumber) VALUES (2821, '5555578443552');
INSERT INTO F23_S001_T6_CustomerPhoneNumber (CustomerID, PhoneNumber) VALUES (2866, '5550833456200');
INSERT INTO F23_S001_T6_CustomerPhoneNumber (CustomerID, PhoneNumber) VALUES (3086, '5557431950650');
INSERT INTO F23_S001_T6_CustomerPhoneNumber (CustomerID, PhoneNumber) VALUES (3196, '5554659384959');
INSERT INTO F23_S001_T6_CustomerPhoneNumber (CustomerID, PhoneNumber) VALUES (3421, '5551001073150');
INSERT INTO F23_S001_T6_CustomerPhoneNumber (CustomerID, PhoneNumber) VALUES (3494, '5551027211184');
INSERT INTO F23_S001_T6_CustomerPhoneNumber (CustomerID, PhoneNumber) VALUES (3673, '5552132836777');
INSERT INTO F23_S001_T6_CustomerPhoneNumber (CustomerID, PhoneNumber) VALUES (3743, '5557582550642');
INSERT INTO F23_S001_T6_CustomerPhoneNumber (CustomerID, PhoneNumber) VALUES (4408, '5551514243186');
INSERT INTO F23_S001_T6_CustomerPhoneNumber (CustomerID, PhoneNumber) VALUES (4448, '5554823564314');
INSERT INTO F23_S001_T6_CustomerPhoneNumber (CustomerID, PhoneNumber) VALUES (4726, '5559575092317');
INSERT INTO F23_S001_T6_CustomerPhoneNumber (CustomerID, PhoneNumber) VALUES (4833, '5553404768950');
INSERT INTO F23_S001_T6_CustomerPhoneNumber (CustomerID, PhoneNumber) VALUES (4840, '5558298568109');
INSERT INTO F23_S001_T6_CustomerPhoneNumber (CustomerID, PhoneNumber) VALUES (4963, '5551278534001');
INSERT INTO F23_S001_T6_CustomerPhoneNumber (CustomerID, PhoneNumber) VALUES (5360, '5551496965989');
INSERT INTO F23_S001_T6_CustomerPhoneNumber (CustomerID, PhoneNumber) VALUES (5629, '5553649228246');
INSERT INTO F23_S001_T6_CustomerPhoneNumber (CustomerID, PhoneNumber) VALUES (5980, '5553755243573');
INSERT INTO F23_S001_T6_CustomerPhoneNumber (CustomerID, PhoneNumber) VALUES (6248, '5557828533433');
INSERT INTO F23_S001_T6_CustomerPhoneNumber (CustomerID, PhoneNumber) VALUES (6479, '5557876936754');
INSERT INTO F23_S001_T6_CustomerPhoneNumber (CustomerID, PhoneNumber) VALUES (7058, '5555899083778');
INSERT INTO F23_S001_T6_CustomerPhoneNumber (CustomerID, PhoneNumber) VALUES (7241, '5555864608935');
INSERT INTO F23_S001_T6_CustomerPhoneNumber (CustomerID, PhoneNumber) VALUES (7274, '5551625793652');
INSERT INTO F23_S001_T6_CustomerPhoneNumber (CustomerID, PhoneNumber) VALUES (7458, '5550535141760');
INSERT INTO F23_S001_T6_CustomerPhoneNumber (CustomerID, PhoneNumber) VALUES (7580, '5557798328155');
INSERT INTO F23_S001_T6_CustomerPhoneNumber (CustomerID, PhoneNumber) VALUES (7966, '5557386215801');
INSERT INTO F23_S001_T6_CustomerPhoneNumber (CustomerID, PhoneNumber) VALUES (7976, '5553536094849');
INSERT INTO F23_S001_T6_CustomerPhoneNumber (CustomerID, PhoneNumber) VALUES (8052, '5555521827149');
INSERT INTO F23_S001_T6_CustomerPhoneNumber (CustomerID, PhoneNumber) VALUES (8160, '5557000851507');
INSERT INTO F23_S001_T6_CustomerPhoneNumber (CustomerID, PhoneNumber) VALUES (8574, '5558438776394');
INSERT INTO F23_S001_T6_CustomerPhoneNumber (CustomerID, PhoneNumber) VALUES (8650, '5551191327759');
INSERT INTO F23_S001_T6_CustomerPhoneNumber (CustomerID, PhoneNumber) VALUES (8718, '5550640309919');
INSERT INTO F23_S001_T6_CustomerPhoneNumber (CustomerID, PhoneNumber) VALUES (8924, '5559627566625');
INSERT INTO F23_S001_T6_CustomerPhoneNumber (CustomerID, PhoneNumber) VALUES (9059, '5556216903679');
INSERT INTO F23_S001_T6_CustomerPhoneNumber (CustomerID, PhoneNumber) VALUES (9207, '5552201818825');
INSERT INTO F23_S001_T6_CustomerPhoneNumber (CustomerID, PhoneNumber) VALUES (9257, '5552358383398');
INSERT INTO F23_S001_T6_CustomerPhoneNumber (CustomerID, PhoneNumber) VALUES (9276, '5555186460823');
INSERT INTO F23_S001_T6_CustomerPhoneNumber (CustomerID, PhoneNumber) VALUES (9302, '5558857154230');
INSERT INTO F23_S001_T6_CustomerPhoneNumber (CustomerID, PhoneNumber) VALUES (9337, '5558726388987');
INSERT INTO F23_S001_T6_CustomerPhoneNumber (CustomerID, PhoneNumber) VALUES (9352, '5557060482555');
INSERT INTO F23_S001_T6_CustomerPhoneNumber (CustomerID, PhoneNumber) VALUES (9435, '5559123246119');
INSERT INTO F23_S001_T6_CustomerPhoneNumber (CustomerID, PhoneNumber) VALUES (9579, '5554434783239');
INSERT INTO F23_S001_T6_CustomerPhoneNumber (CustomerID, PhoneNumber) VALUES (9595, '5554804178145');

-- Insert into F23_S001_T6_RideDetails

-- Batch 1
INSERT INTO F23_S001_T6_RideDetails (RideID, DriverID, CouponCode, CustomerID, Fare, Source, RideDate, Rating, TypeOfVehicle)
VALUES (1001, 1, 'CAB20', 1110, 25.50, 'A', TO_DATE('2023-01-01', 'YYYY-MM-DD'), 4, 'Sedan');

INSERT INTO F23_S001_T6_RideDetails (RideID, DriverID, CouponCode, CustomerID, Fare, Source, RideDate, Rating, TypeOfVehicle)
VALUES (1002, 2, 'DRIVE5', 1431, 18.75, 'B', TO_DATE('2023-01-02', 'YYYY-MM-DD'), 5, 'SUV');

INSERT INTO F23_S001_T6_RideDetails (RideID, DriverID, CouponCode, CustomerID, Fare, Source, RideDate, Rating, TypeOfVehicle)
VALUES (1003, 3, 'QUICK12', 1460, 12.00, 'C', TO_DATE('2023-01-03', 'YYYY-MM-DD'), 3, 'Hatchback');

INSERT INTO F23_S001_T6_RideDetails (RideID, DriverID, CouponCode, CustomerID, Fare, Source, RideDate, Rating, TypeOfVehicle)
VALUES (1004, 4, 'RIDE15', 1839, 30.20, 'A', TO_DATE('2023-01-04', 'YYYY-MM-DD'), 4, 'Sedan');

INSERT INTO F23_S001_T6_RideDetails (RideID, DriverID, CouponCode, CustomerID, Fare, Source, RideDate, Rating, TypeOfVehicle)
VALUES (1005, 5, 'TAXI10', 1918, 22.50, 'B', TO_DATE('2023-01-05', 'YYYY-MM-DD'), 5, 'SUV');

INSERT INTO F23_S001_T6_RideDetails (RideID, DriverID, CouponCode, CustomerID, Fare, Source, RideDate, Rating, TypeOfVehicle)
VALUES (1006, 6, NULL, 2644, 15.75, 'C', TO_DATE('2023-01-06', 'YYYY-MM-DD'), 4, 'Hatchback');

INSERT INTO F23_S001_T6_RideDetails (RideID, DriverID, CouponCode, CustomerID, Fare, Source, RideDate, Rating, TypeOfVehicle)
VALUES (1007, 7, 'CAB20', 2645, 28.00, 'D', TO_DATE('2023-01-07', 'YYYY-MM-DD'), 5, 'SUV');

INSERT INTO F23_S001_T6_RideDetails (RideID, DriverID, CouponCode, CustomerID, Fare, Source, RideDate, Rating, TypeOfVehicle)
VALUES (1008, 8, 'DRIVE5', 2732, 10.50, 'A', TO_DATE('2023-01-08', 'YYYY-MM-DD'), 3, 'Hatchback');

INSERT INTO F23_S001_T6_RideDetails (RideID, DriverID, CouponCode, CustomerID, Fare, Source, RideDate, Rating, TypeOfVehicle)
VALUES (1009, 9, 'QUICK12', 2821, 20.30, 'B', TO_DATE('2023-01-09', 'YYYY-MM-DD'), 4, 'Sedan');

INSERT INTO F23_S001_T6_RideDetails (RideID, DriverID, CouponCode, CustomerID, Fare, Source, RideDate, Rating, TypeOfVehicle)
VALUES (1010, 10, 'RIDE15', 2866, 14.25, 'C', TO_DATE('2023-01-10', 'YYYY-MM-DD'), 5, 'SUV');

-- Batch 2
INSERT INTO F23_S001_T6_RideDetails (RideID, DriverID, CouponCode, CustomerID, Fare, Source, RideDate, Rating, TypeOfVehicle)
VALUES (1011, 11, 'TAXI10', 3086, 19.80, 'D', TO_DATE('2023-02-01', 'YYYY-MM-DD'), 4, 'Hatchback');

INSERT INTO F23_S001_T6_RideDetails (RideID, DriverID, CouponCode, CustomerID, Fare, Source, RideDate, Rating, TypeOfVehicle)
VALUES (1012, 12, NULL, 3196, 32.50, 'A', TO_DATE('2023-02-02', 'YYYY-MM-DD'), 5, 'SUV');

INSERT INTO F23_S001_T6_RideDetails (RideID, DriverID, CouponCode, CustomerID, Fare, Source, RideDate, Rating, TypeOfVehicle)
VALUES (1013, 1, 'CAB20', 3421, 13.00, 'B', TO_DATE('2023-02-03', 'YYYY-MM-DD'), 3, 'Hatchback');

INSERT INTO F23_S001_T6_RideDetails (RideID, DriverID, CouponCode, CustomerID, Fare, Source, RideDate, Rating, TypeOfVehicle)
VALUES (1014, 2, 'DRIVE5', 3494, 24.60, 'C', TO_DATE('2023-02-04', 'YYYY-MM-DD'), 4, 'Sedan');

INSERT INTO F23_S001_T6_RideDetails (RideID, DriverID, CouponCode, CustomerID, Fare, Source, RideDate, Rating, TypeOfVehicle)
VALUES (1015, 3, 'QUICK12', 3673, 17.75, 'D', TO_DATE('2023-02-05', 'YYYY-MM-DD'), 5, 'SUV');

INSERT INTO F23_S001_T6_RideDetails (RideID, DriverID, CouponCode, CustomerID, Fare, Source, RideDate, Rating, TypeOfVehicle)
VALUES (1016, 4, 'RIDE15', 3743, 28.40, 'A', TO_DATE('2023-02-06', 'YYYY-MM-DD'), 4, 'Sedan');

INSERT INTO F23_S001_T6_RideDetails (RideID, DriverID, CouponCode, CustomerID, Fare, Source, RideDate, Rating, TypeOfVehicle)
VALUES (1054, 1, 'DRIVE5', 1460, 11.00, 'C', TO_DATE('2023-10-12', 'YYYY-MM-DD'), 3, 'Hatchback');

INSERT INTO F23_S001_T6_RideDetails (RideID, DriverID, CouponCode, CustomerID, Fare, Source, RideDate, Rating, TypeOfVehicle)
VALUES (1017, 5, 'TAXI10', 4408, 22.00, 'B', TO_DATE('2023-02-07', 'YYYY-MM-DD'), 5, 'SUV');

INSERT INTO F23_S001_T6_RideDetails (RideID, DriverID, CouponCode, CustomerID, Fare, Source, RideDate, Rating, TypeOfVehicle)
VALUES (1018, 6, NULL, 4448, 15.25, 'C', TO_DATE('2023-02-08', 'YYYY-MM-DD'), 3, 'Hatchback');

INSERT INTO F23_S001_T6_RideDetails (RideID, DriverID, CouponCode, CustomerID, Fare, Source, RideDate, Rating, TypeOfVehicle)
VALUES (1019, 7, 'CAB20', 4726, 27.50, 'D', TO_DATE('2023-02-09', 'YYYY-MM-DD'), 4, 'Sedan');

INSERT INTO F23_S001_T6_RideDetails (RideID, DriverID, CouponCode, CustomerID, Fare, Source, RideDate, Rating, TypeOfVehicle)
VALUES (1020, 8, 'DRIVE5', 4833, 11.80, 'A', TO_DATE('2023-02-10', 'YYYY-MM-DD'), 5, 'SUV');

-- Batch 3
INSERT INTO F23_S001_T6_RideDetails (RideID, DriverID, CouponCode, CustomerID, Fare, Source, RideDate, Rating, TypeOfVehicle)
VALUES (1021, 9, 'QUICK12', 4840, 19.30, 'B', TO_DATE('2023-02-11', 'YYYY-MM-DD'), 4, 'Hatchback');

INSERT INTO F23_S001_T6_RideDetails (RideID, DriverID, CouponCode, CustomerID, Fare, Source, RideDate, Rating, TypeOfVehicle)
VALUES (1022, 10, 'RIDE15', 4963, 14.75, 'C', TO_DATE('2023-02-12', 'YYYY-MM-DD'), 5, 'SUV');

INSERT INTO F23_S001_T6_RideDetails (RideID, DriverID, CouponCode, CustomerID, Fare, Source, RideDate, Rating, TypeOfVehicle)
VALUES (1023, 11, 'TAXI10', 5360, 18.20, 'D', TO_DATE('2023-02-13', 'YYYY-MM-DD'), 4, 'Hatchback');

INSERT INTO F23_S001_T6_RideDetails (RideID, DriverID, CouponCode, CustomerID, Fare, Source, RideDate, Rating, TypeOfVehicle)
VALUES (1024, 12, NULL, 5629, 31.00, 'A', TO_DATE('2023-02-14', 'YYYY-MM-DD'), 5, 'SUV');

INSERT INTO F23_S001_T6_RideDetails (RideID, DriverID, CouponCode, CustomerID, Fare, Source, RideDate, Rating, TypeOfVehicle)
VALUES (1025, 1, 'CAB20', 5980, 12.50, 'B', TO_DATE('2023-02-15', 'YYYY-MM-DD'), 3, 'Hatchback');

INSERT INTO F23_S001_T6_RideDetails (RideID, DriverID, CouponCode, CustomerID, Fare, Source, RideDate, Rating, TypeOfVehicle)
VALUES (1026, 2, 'DRIVE5', 6248, 23.60, 'C', TO_DATE('2023-02-16', 'YYYY-MM-DD'), 4, 'Sedan');

INSERT INTO F23_S001_T6_RideDetails (RideID, DriverID, CouponCode, CustomerID, Fare, Source, RideDate, Rating, TypeOfVehicle)
VALUES (1027, 3, 'QUICK12', 6479, 16.75, 'D', TO_DATE('2023-02-17', 'YYYY-MM-DD'), 5, 'SUV');

INSERT INTO F23_S001_T6_RideDetails (RideID, DriverID, CouponCode, CustomerID, Fare, Source, RideDate, Rating, TypeOfVehicle)
VALUES (1028, 4, 'RIDE15', 7058, 27.40, 'A', TO_DATE('2023-02-18', 'YYYY-MM-DD'), 4, 'Sedan');

INSERT INTO F23_S001_T6_RideDetails (RideID, DriverID, CouponCode, CustomerID, Fare, Source, RideDate, Rating, TypeOfVehicle)
VALUES (1029, 5, 'TAXI10', 7241, 21.00, 'B', TO_DATE('2023-02-19', 'YYYY-MM-DD'), 5, 'SUV');

INSERT INTO F23_S001_T6_RideDetails (RideID, DriverID, CouponCode, CustomerID, Fare, Source, RideDate, Rating, TypeOfVehicle)
VALUES (1030, 6, NULL, 7274, 15.25, 'C', TO_DATE('2023-02-20', 'YYYY-MM-DD'), 3, 'Hatchback');

-- Batch 4
INSERT INTO F23_S001_T6_RideDetails (RideID, DriverID, CouponCode, CustomerID, Fare, Source, RideDate, Rating, TypeOfVehicle)
VALUES (1031, 7, 'CAB20', 7458, 26.50, 'D', TO_DATE('2023-03-01', 'YYYY-MM-DD'), 4, 'Sedan');

INSERT INTO F23_S001_T6_RideDetails (RideID, DriverID, CouponCode, CustomerID, Fare, Source, RideDate, Rating, TypeOfVehicle)
VALUES (1032, 8, 'DRIVE5', 7580, 10.80, 'A', TO_DATE('2023-03-02', 'YYYY-MM-DD'), 5, 'SUV');

INSERT INTO F23_S001_T6_RideDetails (RideID, DriverID, CouponCode, CustomerID, Fare, Source, RideDate, Rating, TypeOfVehicle)
VALUES (1033, 9, 'QUICK12', 7966, 18.30, 'B', TO_DATE('2023-03-03', 'YYYY-MM-DD'), 4, 'Hatchback');

INSERT INTO F23_S001_T6_RideDetails (RideID, DriverID, CouponCode, CustomerID, Fare, Source, RideDate, Rating, TypeOfVehicle)
VALUES (1034, 10, 'RIDE15', 7976, 13.75, 'C', TO_DATE('2023-03-04', 'YYYY-MM-DD'), 5, 'SUV');



-- Batch 4
INSERT INTO F23_S001_T6_RideDetails (RideID, DriverID, CouponCode, CustomerID, Fare, Source, RideDate, Rating, TypeOfVehicle)
VALUES (1035, 11, 'TAXI10', 8052, 18.20, 'D', TO_DATE('2023-03-05', 'YYYY-MM-DD'), 4, 'Hatchback');

INSERT INTO F23_S001_T6_RideDetails (RideID, DriverID, CouponCode, CustomerID, Fare, Source, RideDate, Rating, TypeOfVehicle)
VALUES (1036, 12, NULL, 8160, 30.00, 'A', TO_DATE('2023-03-06', 'YYYY-MM-DD'), 5, 'SUV');

INSERT INTO F23_S001_T6_RideDetails (RideID, DriverID, CouponCode, CustomerID, Fare, Source, RideDate, Rating, TypeOfVehicle)
VALUES (1037, 1, 'CAB20', 8574, 12.50, 'B', TO_DATE('2023-03-07', 'YYYY-MM-DD'), 3, 'Hatchback');

INSERT INTO F23_S001_T6_RideDetails (RideID, DriverID, CouponCode, CustomerID, Fare, Source, RideDate, Rating, TypeOfVehicle)
VALUES (1038, 2, 'DRIVE5', 8650, 23.60, 'C', TO_DATE('2023-03-08', 'YYYY-MM-DD'), 4, 'Sedan');

INSERT INTO F23_S001_T6_RideDetails (RideID, DriverID, CouponCode, CustomerID, Fare, Source, RideDate, Rating, TypeOfVehicle)
VALUES (1039, 3, 'QUICK12', 8718, 16.75, 'D', TO_DATE('2023-03-09', 'YYYY-MM-DD'), 5, 'SUV');

INSERT INTO F23_S001_T6_RideDetails (RideID, DriverID, CouponCode, CustomerID, Fare, Source, RideDate, Rating, TypeOfVehicle)
VALUES (1040, 4, 'RIDE15', 8924, 27.40, 'A', TO_DATE('2023-03-10', 'YYYY-MM-DD'), 4, 'Sedan');

-- Batch 5
INSERT INTO F23_S001_T6_RideDetails (RideID, DriverID, CouponCode, CustomerID, Fare, Source, RideDate, Rating, TypeOfVehicle)
VALUES (1041, 5, 'TAXI10', 9059, 21.00, 'B', TO_DATE('2023-03-11', 'YYYY-MM-DD'), 5, 'SUV');

INSERT INTO F23_S001_T6_RideDetails (RideID, DriverID, CouponCode, CustomerID, Fare, Source, RideDate, Rating, TypeOfVehicle)
VALUES (1042, 6, NULL, 9207, 15.25, 'C', TO_DATE('2023-03-12', 'YYYY-MM-DD'), 3, 'Hatchback');

INSERT INTO F23_S001_T6_RideDetails (RideID, DriverID, CouponCode, CustomerID, Fare, Source, RideDate, Rating, TypeOfVehicle)
VALUES (1043, 7, 'CAB20', 9257, 26.50, 'D', TO_DATE('2023-03-13', 'YYYY-MM-DD'), 4, 'Sedan');

INSERT INTO F23_S001_T6_RideDetails (RideID, DriverID, CouponCode, CustomerID, Fare, Source, RideDate, Rating, TypeOfVehicle)
VALUES (1044, 8, 'DRIVE5', 9276, 10.80, 'A', TO_DATE('2023-03-14', 'YYYY-MM-DD'), 5, 'SUV');

INSERT INTO F23_S001_T6_RideDetails (RideID, DriverID, CouponCode, CustomerID, Fare, Source, RideDate, Rating, TypeOfVehicle)
VALUES (1051, 4, 'TAXI10', 1460, 12.00, 'C', TO_DATE('2023-06-21', 'YYYY-MM-DD'), 4, 'Hatchback');

INSERT INTO F23_S001_T6_RideDetails (RideID, DriverID, CouponCode, CustomerID, Fare, Source, RideDate, Rating, TypeOfVehicle)
VALUES (1045, 9, 'QUICK12', 9302, 18.30, 'B', TO_DATE('2023-03-15', 'YYYY-MM-DD'), 4, 'Hatchback');

INSERT INTO F23_S001_T6_RideDetails (RideID, DriverID, CouponCode, CustomerID, Fare, Source, RideDate, Rating, TypeOfVehicle)
VALUES (1046, 10, 'RIDE15', 9337, 13.75, 'C', TO_DATE('2023-03-16', 'YYYY-MM-DD'), 5, 'SUV');

INSERT INTO F23_S001_T6_RideDetails (RideID, DriverID, CouponCode, CustomerID, Fare, Source, RideDate, Rating, TypeOfVehicle)
VALUES (1052, 7, 'RIDE15', 1460, 16.00, 'C', TO_DATE('2022-01-13', 'YYYY-MM-DD'), 3.2, 'Hatchback');

INSERT INTO F23_S001_T6_RideDetails (RideID, DriverID, CouponCode, CustomerID, Fare, Source, RideDate, Rating, TypeOfVehicle)
VALUES (1047, 11, 'TAXI10', 9352, 18.20, 'D', TO_DATE('2023-03-17', 'YYYY-MM-DD'), 4, 'Hatchback');

INSERT INTO F23_S001_T6_RideDetails (RideID, DriverID, CouponCode, CustomerID, Fare, Source, RideDate, Rating, TypeOfVehicle)
VALUES (1048, 12, NULL, 9435, 30.00, 'A', TO_DATE('2023-03-18', 'YYYY-MM-DD'), 5, 'SUV');

INSERT INTO F23_S001_T6_RideDetails (RideID, DriverID, CouponCode, CustomerID, Fare, Source, RideDate, Rating, TypeOfVehicle)
VALUES (1049, 1, 'CAB20', 9579, 12.50, 'B', TO_DATE('2023-03-19', 'YYYY-MM-DD'), 3, 'Hatchback');

INSERT INTO F23_S001_T6_RideDetails (RideID, DriverID, CouponCode, CustomerID, Fare, Source, RideDate, Rating, TypeOfVehicle)
VALUES (1050, 2, 'DRIVE5', 9595, 23.60, 'C', TO_DATE('2023-03-20', 'YYYY-MM-DD'), 4, 'Sedan');

INSERT INTO F23_S001_T6_RideDetails (RideID, DriverID, CouponCode, CustomerID, Fare, Source, RideDate, Rating, TypeOfVehicle)
VALUES (1053, 12, 'CAB20', 1460, 13.00, 'C', TO_DATE('2023-11-25', 'YYYY-MM-DD'), 3, 'Hatchback');



--Insert into F23_S001_T6_STUDENT

INSERT INTO F23_S001_T6_STUDENT (CustomerID, UniversityEmailID) VALUES (1431, 'mx1431@mat.avm.edu');
INSERT INTO F23_S001_T6_STUDENT (CustomerID, UniversityEmailID) VALUES (1918, 'as1918@mae.adm.edu');
INSERT INTO F23_S001_T6_STUDENT (CustomerID, UniversityEmailID) VALUES (2645, 'mxs2645@uni.adm.edu');
INSERT INTO F23_S001_T6_STUDENT (CustomerID, UniversityEmailID) VALUES (2821, 'asd_2821@uni.adm.edu');
INSERT INTO F23_S001_T6_STUDENT (CustomerID, UniversityEmailID) VALUES (3086, 'sdf_3086@uni.adm.edu');
INSERT INTO F23_S001_T6_STUDENT (CustomerID, UniversityEmailID) VALUES (3196, 'sda3196@uni.asm.edu');
INSERT INTO F23_S001_T6_STUDENT (CustomerID, UniversityEmailID) VALUES (3421, 'ads3421@uni.asm.edu');
INSERT INTO F23_S001_T6_STUDENT (CustomerID, UniversityEmailID) VALUES (3494, 'fxm3494@uni.asm.edu');
INSERT INTO F23_S001_T6_STUDENT (CustomerID, UniversityEmailID) VALUES (3673, 'msx3673@uni.uta.edu');
INSERT INTO F23_S001_T6_STUDENT (CustomerID, UniversityEmailID) VALUES (4408, 'mvm4408@uni.uta.edu');
INSERT INTO F23_S001_T6_STUDENT (CustomerID, UniversityEmailID) VALUES (4448, 'asf4448@uni.uta.edu');
INSERT INTO F23_S001_T6_STUDENT (CustomerID, UniversityEmailID) VALUES (4726, 'mxs4726@uni.mav.edu');
INSERT INTO F23_S001_T6_STUDENT (CustomerID, UniversityEmailID) VALUES (4833, 'mxs4833@uni.mav.edu');
INSERT INTO F23_S001_T6_STUDENT (CustomerID, UniversityEmailID) VALUES (4840, 'mvm4840@uni.mav.edu');
INSERT INTO F23_S001_T6_STUDENT (CustomerID, UniversityEmailID) VALUES (6479, 'sgf6479@uni.mav.edu');
INSERT INTO F23_S001_T6_STUDENT (CustomerID, UniversityEmailID) VALUES (7058, 'sxv7058@ust.mav.edu');
INSERT INTO F23_S001_T6_STUDENT (CustomerID, UniversityEmailID) VALUES (8052, 'asx8052@ust.mav.edu');
INSERT INTO F23_S001_T6_STUDENT (CustomerID, UniversityEmailID) VALUES (8650, 'ads8650@ust.mav.edu');
INSERT INTO F23_S001_T6_STUDENT (CustomerID, UniversityEmailID) VALUES (8718, 'rtf8718@ust.msv.edu');
INSERT INTO F23_S001_T6_STUDENT (CustomerID, UniversityEmailID) VALUES (8924, 'ert8924@ust.msv.edu');
INSERT INTO F23_S001_T6_STUDENT (CustomerID, UniversityEmailID) VALUES (9257, 'ngf9257@ust.msv.edu');
INSERT INTO F23_S001_T6_STUDENT (CustomerID, UniversityEmailID) VALUES (9276, 'dfg9276@ust.msv.edu');
INSERT INTO F23_S001_T6_STUDENT (CustomerID, UniversityEmailID) VALUES (9337, 'asp9337@ust.msv.edu');
INSERT INTO F23_S001_T6_STUDENT (CustomerID, UniversityEmailID) VALUES (9435, 'mxs9435@ust.msv.edu');
INSERT INTO F23_S001_T6_STUDENT (CustomerID, UniversityEmailID) VALUES (9579, 'mxs9579@unt.adu.edu');

-- Insert into F23_S001_T6_NONSTUDENT

Insert into F23_S001_T6_NONSTUDENT (CustomerID,PersonalEmailID) values (1110,'janet.wolf@email.com');
Insert into F23_S001_T6_NONSTUDENT (CustomerID,PersonalEmailID) values (1460,'william.white@email.com');
Insert into F23_S001_T6_NONSTUDENT (CustomerID,PersonalEmailID) values (1839,'brandon.wood@email.com');
Insert into F23_S001_T6_NONSTUDENT (CustomerID,PersonalEmailID) values (2644,'wayne.fuller@email.com');
Insert into F23_S001_T6_NONSTUDENT (CustomerID,PersonalEmailID) values (2732,'jason.griffin@email.com');
Insert into F23_S001_T6_NONSTUDENT (CustomerID,PersonalEmailID) values (2866,'erin.lopez@email.com');
Insert into F23_S001_T6_NONSTUDENT (CustomerID,PersonalEmailID) values (3743,'kyle.clark@email.com');
Insert into F23_S001_T6_NONSTUDENT (CustomerID,PersonalEmailID) values (4963,'kimberly.forbes@email.com');
Insert into F23_S001_T6_NONSTUDENT (CustomerID,PersonalEmailID) values (5360,'robin.rivera@email.com');
Insert into F23_S001_T6_NONSTUDENT (CustomerID,PersonalEmailID) values (5629,'jill.hart@email.com');
Insert into F23_S001_T6_NONSTUDENT (CustomerID,PersonalEmailID) values (5980,'marissa.brown@email.com');
Insert into F23_S001_T6_NONSTUDENT (CustomerID,PersonalEmailID) values (6248,'robert.lewis@email.com');
Insert into F23_S001_T6_NONSTUDENT (CustomerID,PersonalEmailID) values (7241,'kathryn.murphy@email.com');
Insert into F23_S001_T6_NONSTUDENT (CustomerID,PersonalEmailID) values (7274,'terri.holmes@email.com');
Insert into F23_S001_T6_NONSTUDENT (CustomerID,PersonalEmailID) values (7458,'barbara.bailey@email.com');
Insert into F23_S001_T6_NONSTUDENT (CustomerID,PersonalEmailID) values (7580,'richard.simmons@email.com');
Insert into F23_S001_T6_NONSTUDENT (CustomerID,PersonalEmailID) values (7966,'julia.moon@email.com');
Insert into F23_S001_T6_NONSTUDENT (CustomerID,PersonalEmailID) values (7976,'alexis.vasquez@email.com');
Insert into F23_S001_T6_NONSTUDENT (CustomerID,PersonalEmailID) values (8160,'rebecca.morton@email.com');
Insert into F23_S001_T6_NONSTUDENT (CustomerID,PersonalEmailID) values (8574,'julie.cook@email.com');
Insert into F23_S001_T6_NONSTUDENT (CustomerID,PersonalEmailID) values (9059,'elizabeth.rodriguez@email.com');
Insert into F23_S001_T6_NONSTUDENT (CustomerID,PersonalEmailID) values (9207,'lee.johnson@email.com');
Insert into F23_S001_T6_NONSTUDENT (CustomerID,PersonalEmailID) values (9302,'laura.carter@email.com');
Insert into F23_S001_T6_NONSTUDENT (CustomerID,PersonalEmailID) values (9352,'kristina.jones@email.com');
Insert into F23_S001_T6_NONSTUDENT (CustomerID,PersonalEmailID) values (9595,'isaiah.smith@email.com');



-- Insert into F23_S001_T6_PaymentDetails

INSERT INTO F23_S001_T6_PaymentDetails (PaymentID, PaymentMethod, Tips, RideID) VALUES (10256, 'Credit Card', 8.75, 1017);
INSERT INTO F23_S001_T6_PaymentDetails (PaymentID, PaymentMethod, Tips, RideID) VALUES (11539, 'Cash', 2.50, 1040);
INSERT INTO F23_S001_T6_PaymentDetails (PaymentID, PaymentMethod, Tips, RideID) VALUES (13745, 'Credit Card', 9.00, 1035);
INSERT INTO F23_S001_T6_PaymentDetails (PaymentID, PaymentMethod, Tips, RideID) VALUES (17469, 'Cash', 4.25, 1028);
INSERT INTO F23_S001_T6_PaymentDetails (PaymentID, PaymentMethod, Tips, RideID) VALUES (19453, 'Credit Card', 6.75, 1023);
INSERT INTO F23_S001_T6_PaymentDetails (PaymentID, PaymentMethod, Tips, RideID) VALUES (20574, 'Credit Card', 8.20, 1045);
INSERT INTO F23_S001_T6_PaymentDetails (PaymentID, PaymentMethod, Tips, RideID) VALUES (22546, 'Cash', 7.00, 1024);
INSERT INTO F23_S001_T6_PaymentDetails (PaymentID, PaymentMethod, Tips, RideID) VALUES (23729, 'Cash', 2.80, 1050);
INSERT INTO F23_S001_T6_PaymentDetails (PaymentID, PaymentMethod, Tips, RideID) VALUES (23841, 'Cash', 2.00, 1030);
INSERT INTO F23_S001_T6_PaymentDetails (PaymentID, PaymentMethod, Tips, RideID) VALUES (25768, 'Cash', 5.75, 1032);
INSERT INTO F23_S001_T6_PaymentDetails (PaymentID, PaymentMethod, Tips, RideID) VALUES (26320, 'Credit Card', 6.20, 1013);
INSERT INTO F23_S001_T6_PaymentDetails (PaymentID, PaymentMethod, Tips, RideID) VALUES (26551, 'Cash', 4.75, 1048);
INSERT INTO F23_S001_T6_PaymentDetails (PaymentID, PaymentMethod, Tips, RideID) VALUES (28920, 'Cash', 2.50, 1014);
INSERT INTO F23_S001_T6_PaymentDetails (PaymentID, PaymentMethod, Tips, RideID) VALUES (29422, 'Credit Card', 8.40, 1007);
INSERT INTO F23_S001_T6_PaymentDetails (PaymentID, PaymentMethod, Tips, RideID) VALUES (30220, 'Credit Card', 9.80, 1009);
INSERT INTO F23_S001_T6_PaymentDetails (PaymentID, PaymentMethod, Tips, RideID) VALUES (30894, 'Cash', 4.75, 1012);
INSERT INTO F23_S001_T6_PaymentDetails (PaymentID, PaymentMethod, Tips, RideID) VALUES (35062, 'Credit Card', 6.90, 1043);
INSERT INTO F23_S001_T6_PaymentDetails (PaymentID, PaymentMethod, Tips, RideID) VALUES (36137, 'Credit Card', 4.80, 1021);
INSERT INTO F23_S001_T6_PaymentDetails (PaymentID, PaymentMethod, Tips, RideID) VALUES (36979, 'Cash', 6.30, 1018);
INSERT INTO F23_S001_T6_PaymentDetails (PaymentID, PaymentMethod, Tips, RideID) VALUES (38032, 'Credit Card', 5.20, 1027);
INSERT INTO F23_S001_T6_PaymentDetails (PaymentID, PaymentMethod, Tips, RideID) VALUES (39384, 'Credit Card', 5.50, 1011);
INSERT INTO F23_S001_T6_PaymentDetails (PaymentID, PaymentMethod, Tips, RideID) VALUES (39458, 'Credit Card', 7.30, 1031);
INSERT INTO F23_S001_T6_PaymentDetails (PaymentID, PaymentMethod, Tips, RideID) VALUES (41881, 'Credit Card', 7.20, 1003);
INSERT INTO F23_S001_T6_PaymentDetails (PaymentID, PaymentMethod, Tips, RideID) VALUES (43640, 'Cash', 3.20, 1036);
INSERT INTO F23_S001_T6_PaymentDetails (PaymentID, PaymentMethod, Tips, RideID) VALUES (44374, 'Credit Card', 8.50, 1025);
INSERT INTO F23_S001_T6_PaymentDetails (PaymentID, PaymentMethod, Tips, RideID) VALUES (49137, 'Cash', 2.75, 1006);
INSERT INTO F23_S001_T6_PaymentDetails (PaymentID, PaymentMethod, Tips, RideID) VALUES (53250, 'Credit Card', 6.40, 1029);
INSERT INTO F23_S001_T6_PaymentDetails (PaymentID, PaymentMethod, Tips, RideID) VALUES (54128, 'Credit Card', 9.20, 1019);
INSERT INTO F23_S001_T6_PaymentDetails (PaymentID, PaymentMethod, Tips, RideID) VALUES (54231, 'Cash', 3.80, 1026);
INSERT INTO F23_S001_T6_PaymentDetails (PaymentID, PaymentMethod, Tips, RideID) VALUES (55639, 'Credit Card', 7.90, 1015);
INSERT INTO F23_S001_T6_PaymentDetails (PaymentID, PaymentMethod, Tips, RideID) VALUES (59704, 'Cash', 3.25, 1020);
INSERT INTO F23_S001_T6_PaymentDetails (PaymentID, PaymentMethod, Tips, RideID) VALUES (63152, 'Cash', 7.50, 1044);
INSERT INTO F23_S001_T6_PaymentDetails (PaymentID, PaymentMethod, Tips, RideID) VALUES (63910, 'Cash', 4.00, 1038);
INSERT INTO F23_S001_T6_PaymentDetails (PaymentID, PaymentMethod, Tips, RideID) VALUES (64842, 'Cash', 3.50, 1002);
INSERT INTO F23_S001_T6_PaymentDetails (PaymentID, PaymentMethod, Tips, RideID) VALUES (68755, 'Credit Card', 6.50, 1005);
INSERT INTO F23_S001_T6_PaymentDetails (PaymentID, PaymentMethod, Tips, RideID) VALUES (75360, 'Credit Card', 5.70, 1047);
INSERT INTO F23_S001_T6_PaymentDetails (PaymentID, PaymentMethod, Tips, RideID) VALUES (76676, 'Credit Card', 7.10, 1049);
INSERT INTO F23_S001_T6_PaymentDetails (PaymentID, PaymentMethod, Tips, RideID) VALUES (76966, 'Credit Card', 5.80, 1037);
INSERT INTO F23_S001_T6_PaymentDetails (PaymentID, PaymentMethod, Tips, RideID) VALUES (78654, 'Credit Card', 6.10, 1039);
INSERT INTO F23_S001_T6_PaymentDetails (PaymentID, PaymentMethod, Tips, RideID) VALUES (79697, 'Cash', 5.25, 1008);
INSERT INTO F23_S001_T6_PaymentDetails (PaymentID, PaymentMethod, Tips, RideID) VALUES (81573, 'Cash', 5.50, 1022);
INSERT INTO F23_S001_T6_PaymentDetails (PaymentID, PaymentMethod, Tips, RideID) VALUES (81734, 'Credit Card', 4.90, 1041);
INSERT INTO F23_S001_T6_PaymentDetails (PaymentID, PaymentMethod, Tips, RideID) VALUES (82008, 'Cash', 3.00, 1010);
INSERT INTO F23_S001_T6_PaymentDetails (PaymentID, PaymentMethod, Tips, RideID) VALUES (83416, 'Cash', 3.40, 1046);
INSERT INTO F23_S001_T6_PaymentDetails (PaymentID, PaymentMethod, Tips, RideID) VALUES (90467, 'Credit Card', 8.60, 1033);
INSERT INTO F23_S001_T6_PaymentDetails (PaymentID, PaymentMethod, Tips, RideID) VALUES (90777, 'Credit Card', 5.00, 1001);
INSERT INTO F23_S001_T6_PaymentDetails (PaymentID, PaymentMethod, Tips, RideID) VALUES (91434, 'Cash', 4.50, 1016);
INSERT INTO F23_S001_T6_PaymentDetails (PaymentID, PaymentMethod, Tips, RideID) VALUES (94053, 'Cash', 5.25, 1042);
INSERT INTO F23_S001_T6_PaymentDetails (PaymentID, PaymentMethod, Tips, RideID) VALUES (94880, 'Cash', 4.00, 1004);
INSERT INTO F23_S001_T6_PaymentDetails (PaymentID, PaymentMethod, Tips, RideID) VALUES (95029, 'Cash', 4.50, 1034);

-- Insert into F23_S001_T6_MonthlyTripRecord

-- January
INSERT INTO F23_S001_T6_MonthlyTripRecord (Year, Month, DriverID, MilesDriven, TripsCompleted, TripsReceived, TotalFareObtained) VALUES (2022, 'January', 1, 1100.50, 28, 32, 480.50);
INSERT INTO F23_S001_T6_MonthlyTripRecord (Year, Month, DriverID, MilesDriven, TripsCompleted, TripsReceived, TotalFareObtained) VALUES (2022, 'January', 2, 900.75, 22, 27, 420.25);
INSERT INTO F23_S001_T6_MonthlyTripRecord (Year, Month, DriverID, MilesDriven, TripsCompleted, TripsReceived, TotalFareObtained) VALUES (2022, 'January', 3, 1050.25, 30, 35, 500.75);
INSERT INTO F23_S001_T6_MonthlyTripRecord (Year, Month, DriverID, MilesDriven, TripsCompleted, TripsReceived, TotalFareObtained) VALUES (2022, 'January', 4, 1200.00, 32, 37, 550.40);
INSERT INTO F23_S001_T6_MonthlyTripRecord (Year, Month, DriverID, MilesDriven, TripsCompleted, TripsReceived, TotalFareObtained) VALUES (2022, 'January', 5, 1300.75, 35, 40, 580.20);

-- February
INSERT INTO F23_S001_T6_MonthlyTripRecord (Year, Month, DriverID, MilesDriven, TripsCompleted, TripsReceived, TotalFareObtained) VALUES (2022, 'February', 1, 1000.50, 25, 30, 450.75);
INSERT INTO F23_S001_T6_MonthlyTripRecord (Year, Month, DriverID, MilesDriven, TripsCompleted, TripsReceived, TotalFareObtained) VALUES (2022, 'February', 2, 800.75, 20, 25, 400.50);
INSERT INTO F23_S001_T6_MonthlyTripRecord (Year, Month, DriverID, MilesDriven, TripsCompleted, TripsReceived, TotalFareObtained) VALUES (2022, 'February', 3, 950.25, 28, 33, 480.90);
INSERT INTO F23_S001_T6_MonthlyTripRecord (Year, Month, DriverID, MilesDriven, TripsCompleted, TripsReceived, TotalFareObtained) VALUES (2022, 'February', 4, 1100.00, 30, 35, 500.25);
INSERT INTO F23_S001_T6_MonthlyTripRecord (Year, Month, DriverID, MilesDriven, TripsCompleted, TripsReceived, TotalFareObtained) VALUES (2022, 'February', 5, 1200.75, 33, 38, 520.40);

-- March
INSERT INTO F23_S001_T6_MonthlyTripRecord (Year, Month, DriverID, MilesDriven, TripsCompleted, TripsReceived, TotalFareObtained) VALUES (2022, 'March', 1, 900.50, 22, 27, 420.25);
INSERT INTO F23_S001_T6_MonthlyTripRecord (Year, Month, DriverID, MilesDriven, TripsCompleted, TripsReceived, TotalFareObtained) VALUES (2022, 'March', 2, 1050.25, 30, 35, 500.75);
INSERT INTO F23_S001_T6_MonthlyTripRecord (Year, Month, DriverID, MilesDriven, TripsCompleted, TripsReceived, TotalFareObtained) VALUES (2022, 'March', 3, 1200.75, 32, 37, 550.40);
INSERT INTO F23_S001_T6_MonthlyTripRecord (Year, Month, DriverID, MilesDriven, TripsCompleted, TripsReceived, TotalFareObtained) VALUES (2022, 'March', 4, 1300.00, 35, 40, 580.20);
INSERT INTO F23_S001_T6_MonthlyTripRecord (Year, Month, DriverID, MilesDriven, TripsCompleted, TripsReceived, TotalFareObtained) VALUES (2022, 'March', 5, 950.75, 28, 33, 480.90);

-- April
INSERT INTO F23_S001_T6_MonthlyTripRecord (Year, Month, DriverID, MilesDriven, TripsCompleted, TripsReceived, TotalFareObtained) VALUES (2022, 'April', 1, 1100.50, 30, 35, 500.25);
INSERT INTO F23_S001_T6_MonthlyTripRecord (Year, Month, DriverID, MilesDriven, TripsCompleted, TripsReceived, TotalFareObtained) VALUES (2022, 'April', 2, 1200.75, 33, 38, 520.40);
INSERT INTO F23_S001_T6_MonthlyTripRecord (Year, Month, DriverID, MilesDriven, TripsCompleted, TripsReceived, TotalFareObtained) VALUES (2022, 'April', 3, 900.75, 22, 27, 420.25);
INSERT INTO F23_S001_T6_MonthlyTripRecord (Year, Month, DriverID, MilesDriven, TripsCompleted, TripsReceived, TotalFareObtained) VALUES (2022, 'April', 4, 1050.00, 28, 33, 480.50);
INSERT INTO F23_S001_T6_MonthlyTripRecord (Year, Month, DriverID, MilesDriven, TripsCompleted, TripsReceived, TotalFareObtained) VALUES (2022, 'April', 5, 1300.25, 35, 40, 580.20);

-- May
INSERT INTO F23_S001_T6_MonthlyTripRecord (Year, Month, DriverID, MilesDriven, TripsCompleted, TripsReceived, TotalFareObtained) VALUES (2022, 'May', 1, 1000.50, 25, 30, 450.75);
INSERT INTO F23_S001_T6_MonthlyTripRecord (Year, Month, DriverID, MilesDriven, TripsCompleted, TripsReceived, TotalFareObtained) VALUES (2022, 'May', 2, 950.25, 28, 33, 480.90);
INSERT INTO F23_S001_T6_MonthlyTripRecord (Year, Month, DriverID, MilesDriven, TripsCompleted, TripsReceived, TotalFareObtained) VALUES (2022, 'May', 3, 800.75, 20, 25, 400.50);
INSERT INTO F23_S001_T6_MonthlyTripRecord (Year, Month, DriverID, MilesDriven, TripsCompleted, TripsReceived, TotalFareObtained) VALUES (2022, 'May', 4, 1200.00, 32, 37, 550.40);
INSERT INTO F23_S001_T6_MonthlyTripRecord (Year, Month, DriverID, MilesDriven, TripsCompleted, TripsReceived, TotalFareObtained) VALUES (2022, 'May', 5, 1100.75, 30, 35, 500.25);

-- June
INSERT INTO F23_S001_T6_MonthlyTripRecord (Year, Month, DriverID, MilesDriven, TripsCompleted, TripsReceived, TotalFareObtained) VALUES (2022, 'June', 1, 900.50, 22, 27, 420.25);
INSERT INTO F23_S001_T6_MonthlyTripRecord (Year, Month, DriverID, MilesDriven, TripsCompleted, TripsReceived, TotalFareObtained) VALUES (2022, 'June', 2, 1050.25, 30, 35, 500.75);
INSERT INTO F23_S001_T6_MonthlyTripRecord (Year, Month, DriverID, MilesDriven, TripsCompleted, TripsReceived, TotalFareObtained) VALUES (2022, 'June', 3, 1200.75, 32, 37, 550.40);
INSERT INTO F23_S001_T6_MonthlyTripRecord (Year, Month, DriverID, MilesDriven, TripsCompleted, TripsReceived, TotalFareObtained) VALUES (2022, 'June', 4, 1300.00, 35, 40, 580.20);
INSERT INTO F23_S001_T6_MonthlyTripRecord (Year, Month, DriverID, MilesDriven, TripsCompleted, TripsReceived, TotalFareObtained) VALUES (2022, 'June', 5, 950.75, 28, 33, 480.90);

-- July
INSERT INTO F23_S001_T6_MonthlyTripRecord (Year, Month, DriverID, MilesDriven, TripsCompleted, TripsReceived, TotalFareObtained) VALUES (2022, 'July', 1, 1100.50, 30, 35, 500.25);
INSERT INTO F23_S001_T6_MonthlyTripRecord (Year, Month, DriverID, MilesDriven, TripsCompleted, TripsReceived, TotalFareObtained) VALUES (2022, 'July', 2, 1200.75, 33, 38, 520.40);
INSERT INTO F23_S001_T6_MonthlyTripRecord (Year, Month, DriverID, MilesDriven, TripsCompleted, TripsReceived, TotalFareObtained) VALUES (2022, 'July', 3, 900.75, 22, 27, 420.25);
INSERT INTO F23_S001_T6_MonthlyTripRecord (Year, Month, DriverID, MilesDriven, TripsCompleted, TripsReceived, TotalFareObtained) VALUES (2022, 'July', 4, 1050.00, 28, 33, 480.50);
INSERT INTO F23_S001_T6_MonthlyTripRecord (Year, Month, DriverID, MilesDriven, TripsCompleted, TripsReceived, TotalFareObtained) VALUES (2022, 'July', 5, 1300.25, 35, 40, 580.20);

-- August
INSERT INTO F23_S001_T6_MonthlyTripRecord (Year, Month, DriverID, MilesDriven, TripsCompleted, TripsReceived, TotalFareObtained) VALUES (2022, 'August', 1, 1000.50, 25, 30, 450.75);
INSERT INTO F23_S001_T6_MonthlyTripRecord (Year, Month, DriverID, MilesDriven, TripsCompleted, TripsReceived, TotalFareObtained) VALUES (2022, 'August', 2, 950.25, 28, 33, 480.90);
INSERT INTO F23_S001_T6_MonthlyTripRecord (Year, Month, DriverID, MilesDriven, TripsCompleted, TripsReceived, TotalFareObtained) VALUES (2022, 'August', 3, 800.75, 20, 25, 400.50);
INSERT INTO F23_S001_T6_MonthlyTripRecord (Year, Month, DriverID, MilesDriven, TripsCompleted, TripsReceived, TotalFareObtained) VALUES (2022, 'August', 4, 1200.00, 32, 37, 550.40);
INSERT INTO F23_S001_T6_MonthlyTripRecord (Year, Month, DriverID, MilesDriven, TripsCompleted, TripsReceived, TotalFareObtained) VALUES (2022, 'August', 5, 1100.75, 30, 35, 500.25);

-- September
INSERT INTO F23_S001_T6_MonthlyTripRecord (Year, Month, DriverID, MilesDriven, TripsCompleted, TripsReceived, TotalFareObtained) VALUES (2022, 'September', 1, 900.50, 22, 27, 420.25);
INSERT INTO F23_S001_T6_MonthlyTripRecord (Year, Month, DriverID, MilesDriven, TripsCompleted, TripsReceived, TotalFareObtained) VALUES (2022, 'September', 2, 1050.25, 30, 35, 500.75);
INSERT INTO F23_S001_T6_MonthlyTripRecord (Year, Month, DriverID, MilesDriven, TripsCompleted, TripsReceived, TotalFareObtained) VALUES (2022, 'September', 3, 1200.75, 32, 37, 550.40);
INSERT INTO F23_S001_T6_MonthlyTripRecord (Year, Month, DriverID, MilesDriven, TripsCompleted, TripsReceived, TotalFareObtained) VALUES (2022, 'September', 4, 1300.00, 35, 40, 580.20);
INSERT INTO F23_S001_T6_MonthlyTripRecord (Year, Month, DriverID, MilesDriven, TripsCompleted, TripsReceived, TotalFareObtained) VALUES (2022, 'September', 5, 950.75, 28, 33, 480.90);

-- October
INSERT INTO F23_S001_T6_MonthlyTripRecord (Year, Month, DriverID, MilesDriven, TripsCompleted, TripsReceived, TotalFareObtained) VALUES (2022, 'October', 1, 1100.50, 30, 35, 500.25);
INSERT INTO F23_S001_T6_MonthlyTripRecord (Year, Month, DriverID, MilesDriven, TripsCompleted, TripsReceived, TotalFareObtained) VALUES (2022, 'October', 2, 1200.75, 33, 38, 520.40);
INSERT INTO F23_S001_T6_MonthlyTripRecord (Year, Month, DriverID, MilesDriven, TripsCompleted, TripsReceived, TotalFareObtained) VALUES (2022, 'October', 3, 900.75, 22, 27, 420.25);
INSERT INTO F23_S001_T6_MonthlyTripRecord (Year, Month, DriverID, MilesDriven, TripsCompleted, TripsReceived, TotalFareObtained) VALUES (2022, 'October', 4, 1050.00, 28, 33, 480.50);
INSERT INTO F23_S001_T6_MonthlyTripRecord (Year, Month, DriverID, MilesDriven, TripsCompleted, TripsReceived, TotalFareObtained) VALUES (2022, 'October', 5, 1300.25, 35, 40, 580.20);

-- November
INSERT INTO F23_S001_T6_MonthlyTripRecord (Year, Month, DriverID, MilesDriven, TripsCompleted, TripsReceived, TotalFareObtained) VALUES (2022, 'November', 1, 1000.50, 25, 30, 450.75);
INSERT INTO F23_S001_T6_MonthlyTripRecord (Year, Month, DriverID, MilesDriven, TripsCompleted, TripsReceived, TotalFareObtained) VALUES (2022, 'November', 2, 950.25, 28, 33, 480.90);
INSERT INTO F23_S001_T6_MonthlyTripRecord (Year, Month, DriverID, MilesDriven, TripsCompleted, TripsReceived, TotalFareObtained) VALUES (2022, 'November', 3, 800.75, 20, 25, 400.50);
INSERT INTO F23_S001_T6_MonthlyTripRecord (Year, Month, DriverID, MilesDriven, TripsCompleted, TripsReceived, TotalFareObtained) VALUES (2022, 'November', 4, 1200.00, 32, 37, 550.40);
INSERT INTO F23_S001_T6_MonthlyTripRecord (Year, Month, DriverID, MilesDriven, TripsCompleted, TripsReceived, TotalFareObtained) VALUES (2022, 'November', 5, 1100.75, 30, 35, 500.25);

-- December
INSERT INTO F23_S001_T6_MonthlyTripRecord (Year, Month, DriverID, MilesDriven, TripsCompleted, TripsReceived, TotalFareObtained) VALUES (2022, 'December', 1, 900.50, 22, 27, 420.25);
INSERT INTO F23_S001_T6_MonthlyTripRecord (Year, Month, DriverID, MilesDriven, TripsCompleted, TripsReceived, TotalFareObtained) VALUES (2022, 'December', 2, 1050.25, 30, 35, 500.75);
INSERT INTO F23_S001_T6_MonthlyTripRecord (Year, Month, DriverID, MilesDriven, TripsCompleted, TripsReceived, TotalFareObtained) VALUES (2022, 'December', 3, 1200.75, 32, 37, 550.40);
INSERT INTO F23_S001_T6_MonthlyTripRecord (Year, Month, DriverID, MilesDriven, TripsCompleted, TripsReceived, TotalFareObtained) VALUES (2022, 'December', 4, 1300.00, 35, 40, 580.20);
INSERT INTO F23_S001_T6_MonthlyTripRecord (Year, Month, DriverID, MilesDriven, TripsCompleted, TripsReceived, TotalFareObtained) VALUES (2022, 'December', 5, 950.75, 28, 33, 480.90);

